kolektor_id,n_pembelian,total_belanja_idr,harga_rata2_idr,harga_median_idr,harga_min_idr,harga_maks_idr,harga_std_log,hari_sejak_bergabung,hari_sejak_beli_terakhir,frekuensi_beli_per_bulan,n_gaya_unik,porsi_gaya_teratas,entropi_gaya_norm,porsi_beli_seniman_mapan,porsi_beli_seniman_menengah,porsi_beli_seniman_pemula,rata2_persentil_tren_saat_beli,rata2_lonjakan_saat_beli,rata2_diskon_negosiasi,porsi_gaya_Art_Nouveau,porsi_gaya_Baroque,porsi_gaya_Cubism,porsi_gaya_Expressionism,porsi_gaya_Impressionism,porsi_gaya_Naive_Art_Primitivism,porsi_gaya_Northern_Renaissance,porsi_gaya_Post_Impressionism,porsi_gaya_Realism,porsi_gaya_Romanticism,porsi_gaya_Symbolism
00e89bde-5798-59e7-81bb-02b0f7987743,2,290000000,145000000,145000000,133000000,157000000,0.0829,634.2758,74.675,0.096,2,0.5,0.2891,1.0,0.0,0.0,0.663,0.7647,0.0344,0.0,0.0,0.0,0.0,0.5,0.0,0.0,0.0,0.5,0.0,0.0
011feb48-c737-5110-960a-1bf912d84b37,9,562200000,62466667,56200000,23300000,126000000,0.58,327.0121,21.6901,0.8377,2,0.8889,0.1455,0.3333,0.6667,0.0,0.6039,0.9872,0.0683,0.0,0.0,0.0,0.0,0.8889,0.0,0.1111,0.0,0.0,0.0,0.0
028762f8-d024-5dc2-9c0d-7884b2807dc5,6,69410000,11568333,10700000,2420000,20600000,0.6979,341.3685,85.6869,0.535,5,0.3333,0.6509,0.0,0.5,0.5,0.4565,1.146,0.0443,0.3333,0.0,0.0,0.0,0.1667,0.1667,0.0,0.1667,0.1667,0.0,0.0
03397d72-03b1-59c3-865b-c50062422b90,4,129500000,32375000,25100000,17300000,62000000,0.4908,314.3329,14.358,0.3873,3,0.5,0.4336,0.0,0.75,0.25,0.4565,0.9393,0.0546,0.0,0.5,0.0,0.0,0.0,0.0,0.0,0.25,0.0,0.0,0.25
04192cbc-635a-5fd1-9d46-7902f07963b7,5,20330000,4066000,4180000,2850000,5210000,0.2147,385.5212,9.2328,0.3948,4,0.4,0.5556,0.0,0.0,1.0,0.2522,0.9455,0.0496,0.2,0.0,0.0,0.0,0.0,0.0,0.0,0.2,0.4,0.2,0.0
062a4862-1aa8-5f83-a05d-cb5691e47676,5,52890000,10578000,9170000,2810000,21900000,0.6656,358.0434,19.0632,0.4251,4,0.4,0.5556,0.0,0.6,0.4,0.5087,1.0673,0.0583,0.0,0.0,0.0,0.2,0.2,0.2,0.0,0.0,0.4,0.0,0.0
06774145-5f78-5cfa-93ec-719bb9cce7d4,3,39760000,13253333,16200000,7160000,16400000,0.3878,325.042,81.011,0.2809,3,0.3333,0.4582,0.0,0.6667,0.3333,0.4348,1.2424,0.0426,0.0,0.0,0.3333,0.0,0.3333,0.0,0.0,0.0,0.3333,0.0,0.0
081b5dc5-350a-5404-a193-831d12d55219,1,10300000,10300000,10300000,10300000,10300000,0.0,630.485,86.9915,0.0483,1,1.0,-0.0,0.0,1.0,0.0,0.2826,0.5,0.0636,0.0,0.0,0.0,0.0,0.0,0.0,0.0,0.0,1.0,0.0,0.0
08bfd8c9-9c9a-5fe7-9381-ba6e7679d814,7,440280000,62897143,40900000,7480000,199000000,1.0879,457.4807,32.099,0.4657,5,0.4286,0.6152,0.4286,0.2857,0.2857,0.736,1.7136,0.056,0.1429,0.0,0.0,0.0,0.4286,0.0,0.0,0.1429,0.1429,0.1429,0.0
0b0493f3-0689-5073-9e9d-268e7130874a,7,1266000000,180857143,191000000,119000000,257000000,0.2393,417.3163,6.9291,0.5106,3,0.4286,0.4188,1.0,0.0,0.0,0.8106,1.241,0.0588,0.0,0.0,0.0,0.0,0.4286,0.0,0.0,0.4286,0.0,0.0,0.1429
0cb0537b-f5e1-5f33-9483-09c1975d23fc,8,82370000,10296250,6870000,2610000,23800000,0.6982,254.1707,33.0721,0.958,4,0.625,0.4477,0.0,0.25,0.75,0.356,1.3034,0.0451,0.0,0.0,0.125,0.125,0.0,0.0,0.125,0.0,0.625,0.0,0.0
0d183f9b-5c2d-50cd-a21b-7a4ff5175951,10,551470000,55147000,17650000,1930000,223000000,1.3228,706.1616,90.5304,0.431,5,0.5,0.5668,0.3,0.5,0.2,0.5957,1.1511,0.0662,0.0,0.0,0.0,0.1,0.0,0.0,0.2,0.0,0.5,0.1,0.1
0f0b75b9-0a40-5393-8a6d-01dbe02c9029,15,243950000,16263333,11500000,4010000,42200000,0.7403,348.9014,3.0855,1.3086,6,0.3333,0.6744,0.0667,0.2667,0.6667,0.5014,1.6212,0.0619,0.0,0.0667,0.0,0.2667,0.3333,0.0,0.0,0.1333,0.1333,0.0667,0.0
0fb9478f-5318-5993-a4e3-03075a05174d,7,211200000,30171429,40000000,10700000,48900000,0.5947,639.7994,73.1359,0.333,5,0.4286,0.6152,0.0,1.0,0.0,0.677,1.1594,0.0486,0.0,0.0,0.1429,0.0,0.1429,0.0,0.4286,0.0,0.1429,0.1429,0.0
0fcdaaab-0983-523a-8e1e-1c48f8e127cd,6,55200000,9200000,9640000,2740000,15400000,0.7325,648.5033,43.9596,0.2816,4,0.5,0.5181,0.0,0.3333,0.6667,0.5362,1.4846,0.0855,0.1667,0.0,0.0,0.5,0.0,0.1667,0.0,0.0,0.1667,0.0,0.0
12ee4118-a9de-5537-a1ec-80bcdd910cb7,4,27940000,6985000,6910000,3320000,10800000,0.5466,605.3134,8.7357,0.2011,4,0.25,0.5781,0.0,0.25,0.75,0.4728,1.25,0.0566,0.25,0.0,0.0,0.25,0.0,0.25,0.0,0.25,0.0,0.0,0.0
1300d8c2-f127-540c-9bf8-d3c4f74f741d,7,960900000,137271429,116000000,35400000,248000000,0.5964,660.3136,10.9571,0.3227,3,0.5714,0.3986,0.8571,0.1429,0.0,0.7857,1.2166,0.0613,0.0,0.0,0.1429,0.0,0.0,0.0,0.0,0.2857,0.5714,0.0,0.0
130ec63c-8ce6-5e6d-9a74-9ac7ba68756a,11,130580000,11870909,8980000,2670000,34600000,0.639,346.9128,19.857,0.9651,5,0.3636,0.6123,0.0,0.2727,0.7273,0.2747,1.0196,0.0495,0.0,0.0,0.0909,0.0,0.3636,0.1818,0.0,0.2727,0.0909,0.0,0.0
1796add4-4e28-52d8-8d47-236c91bfbb59,7,231030000,33004286,37400000,5560000,81800000,0.9636,373.2934,123.0979,0.5708,6,0.2857,0.7289,0.2857,0.4286,0.2857,0.6149,1.1334,0.0554,0.1429,0.0,0.0,0.0,0.1429,0.1429,0.0,0.2857,0.1429,0.1429,0.0
179a2581-11cb-5dd1-af30-697a9f725e91,14,3987400000,284814286,242500000,94500000,918000000,0.5885,280.0506,6.4724,1.5216,3,0.6429,0.3463,1.0,0.0,0.0,0.9068,1.406,0.061,0.0,0.0,0.0,0.0,0.2857,0.0,0.0,0.6429,0.0714,0.0,0.0
18188d25-bf5b-53cd-9e1e-ae24e999923a,14,910000000,65000000,63150000,25400000,182000000,0.5716,702.1318,99.2332,0.6069,3,0.8571,0.2123,0.5,0.5,0.0,0.5745,1.1386,0.0729,0.0714,0.0,0.0,0.0,0.8571,0.0,0.0,0.0,0.0714,0.0,0.0
181d5eaa-4366-5aee-8dec-bd0fccfb583a,7,412000000,58857143,46300000,35500000,125000000,0.391,406.7086,34.5997,0.5239,3,0.7143,0.3321,0.5714,0.4286,0.0,0.5621,1.489,0.0541,0.0,0.1429,0.0,0.0,0.7143,0.0,0.0,0.0,0.1429,0.0,0.0
1aae0750-4c8f-5879-8b25-ec14e411b5ed,4,616100000,154025000,150850000,81400000,233000000,0.47,642.6121,96.7396,0.1895,2,0.75,0.2345,1.0,0.0,0.0,0.9239,1.272,0.0498,0.0,0.0,0.0,0.0,0.0,0.0,0.0,0.75,0.0,0.0,0.25
1abd8d19-9a49-5833-aba9-6f3a70b537f2,9,70750000,7861111,7240000,2790000,16800000,0.5846,304.3617,5.2754,0.9,4,0.3333,0.5466,0.0,0.3333,0.6667,0.3865,0.9758,0.0641,0.0,0.0,0.0,0.3333,0.1111,0.2222,0.0,0.0,0.3333,0.0,0.0
1adc9f82-4a01-59e0-8c98-354a24559f3e,7,345900000,49414286,52900000,23500000,73000000,0.4348,573.4504,68.3357,0.3715,1,1.0,-0.0,0.4286,0.5714,0.0,0.4379,1.2177,0.0431,0.0,0.0,0.0,0.0,1.0,0.0,0.0,0.0,0.0,0.0,0.0
1ae98ad4-8b69-57ac-8937-47e2a8df176f,6,420400000,70066667,57400000,27400000,160000000,0.5527,272.8686,16.2718,0.6693,3,0.5,0.4218,0.6667,0.3333,0.0,0.8696,1.0089,0.0659,0.0,0.0,0.0,0.0,0.1667,0.0,0.0,0.5,0.0,0.0,0.3333
1cb99939-551d-541a-beb7-94dd38e8e976,6,286100000,47683333,43750000,15300000,79400000,0.5307,455.6984,33.574,0.4008,5,0.3333,0.6509,0.3333,0.6667,0.0,0.6993,1.6648,0.0523,0.1667,0.0,0.0,0.0,0.3333,0.0,0.1667,0.0,0.1667,0.1667,0.0
1ce43ec5-d4d8-5876-b70b-a8604b35b51c,9,302900000,33655556,22700000,11700000,92200000,0.6549,713.0485,110.2003,0.3842,3,0.4444,0.4424,0.1111,0.7778,0.1111,0.5918,1.3147,0.0729,0.0,0.2222,0.3333,0.0,0.4444,0.0,0.0,0.0,0.0,0.0,0.0
1d816192-26de-5c28-99a7-793dfd023ff8,8,181800000,22725000,18650000,7800000,47200000,0.5671,349.6083,11.9069,0.6965,3,0.75,0.3068,0.25,0.75,0.0,0.625,0.8987,0.0379,0.125,0.0,0.0,0.0,0.0,0.125,0.0,0.0,0.75,0.0,0.0
2018a5c1-d714-585e-bb52-6832118f2741,6,298200000,49700000,27750000,16600000,132000000,0.7823,505.5791,38.872,0.3612,3,0.6667,0.3618,0.3333,0.6667,0.0,0.6848,1.0438,0.0701,0.0,0.0,0.0,0.0,0.0,0.1667,0.0,0.6667,0.1667,0.0,0.0
20c215f6-dead-53da-9e03-a4122e455668,12,508640000,42386667,44250000,4450000,92700000,0.9422,670.6526,27.8487,0.5446,6,0.4167,0.6603,0.4167,0.25,0.3333,0.5906,1.2757,0.0405,0.0,0.0,0.0833,0.0833,0.1667,0.0,0.0833,0.0,0.4167,0.0,0.1667
225ce8d4-bb94-5860-a0a7-05d0601ad6cf,2,358600000,179300000,179300000,64600000,294000000,0.7577,378.5216,7.6092,0.1608,1,1.0,-0.0,0.5,0.5,0.0,0.663,1.1737,0.0864,0.0,0.0,0.0,0.0,1.0,0.0,0.0,0.0,0.0,0.0,0.0
2426b20b-036f-5f04-b2c1-72ba60a63b7d,5,55400000,11080000,9830000,5790000,16900000,0.3869,651.1947,166.3612,0.2337,3,0.6,0.3963,0.0,0.6,0.4,0.5652,2.1,0.0528,0.6,0.0,0.0,0.0,0.0,0.2,0.0,0.0,0.2,0.0,0.0
247281d2-7eb2-5256-af64-c4f7968da59d,3,16530000,5510000,4850000,4570000,7110000,0.1958,645.342,101.1486,0.1415,3,0.3333,0.4582,0.0,0.0,1.0,0.2391,1.2222,0.0701,0.3333,0.0,0.0,0.3333,0.0,0.0,0.0,0.0,0.0,0.3333,0.0
275fa008-4c0a-5ffd-a05f-04d3a2e036ae,3,18270000,6090000,5180000,3850000,9240000,0.3635,407.3093,44.0786,0.2242,2,0.6667,0.2654,0.0,0.3333,0.6667,0.4638,1.3204,0.0175,0.0,0.0,0.0,0.0,0.6667,0.3333,0.0,0.0,0.0,0.0,0.0
27dd3660-106b-59e6-9c54-c48da27e9016,8,265370000,33171250,18150000,5170000,100000000,1.0179,552.7839,33.2254,0.4405,5,0.375,0.6231,0.25,0.5,0.25,0.6304,1.0705,0.048,0.0,0.125,0.125,0.125,0.0,0.0,0.0,0.25,0.375,0.0,0.0
282a5b11-5c97-5686-be7a-dafa471ce36c,6,301900000,50316667,42950000,17500000,117000000,0.6408,596.2539,171.0994,0.3063,3,0.6667,0.3618,0.1667,0.6667,0.1667,0.5652,1.2937,0.0541,0.0,0.0,0.0,0.0,0.0,0.1667,0.1667,0.6667,0.0,0.0,0.0
2849d62d-d267-52f6-ae18-fa6e10b67d58,5,176600000,35320000,26200000,16500000,83800000,0.5659,670.2003,36.5649,0.2271,3,0.6,0.3963,0.0,1.0,0.0,0.5652,0.9226,0.0851,0.0,0.0,0.0,0.0,0.6,0.0,0.2,0.0,0.2,0.0,0.0
2d5f7b0c-20e4-5e20-a6f3-9d40a681ccd9,9,695400000,77266667,66900000,33800000,154000000,0.4331,618.9398,4.3215,0.4426,2,0.5556,0.2865,0.5556,0.4444,0.0,0.7053,1.4561,0.069,0.0,0.0,0.0,0.0,0.0,0.0,0.4444,0.0,0.0,0.0,0.5556
2ef7761d-6de4-5de7-b1c2-3d05a921b80b,11,633030000,57548182,34200000,8630000,146000000,0.8489,384.7202,52.4944,0.8703,5,0.4545,0.5898,0.2727,0.6364,0.0909,0.7055,1.6743,0.0586,0.1818,0.0,0.0909,0.0,0.4545,0.0,0.0,0.1818,0.0,0.0,0.0909
3166d28b-1835-5ff7-b779-284ed64d43cb,8,55830000,6978750,6795000,3460000,10400000,0.3707,582.2525,7.0594,0.4182,5,0.375,0.6231,0.0,0.25,0.75,0.4212,1.2036,0.0441,0.0,0.0,0.0,0.125,0.375,0.25,0.0,0.0,0.125,0.0,0.125
31d4f930-e4c5-51da-9bed-84c4ed9e926a,8,245050000,30631250,35500000,7450000,46100000,0.6043,516.2859,119.2493,0.4716,4,0.375,0.5509,0.125,0.75,0.125,0.5136,1.3927,0.0706,0.0,0.125,0.0,0.0,0.375,0.0,0.25,0.0,0.25,0.0,0.0
3227257d-7266-599b-b2b0-6dfa5ee81df5,18,1116100000,62005556,47900000,12600000,194000000,0.7034,658.8945,4.0644,0.8315,5,0.3889,0.5949,0.3333,0.5556,0.1111,0.5978,1.3273,0.0459,0.1667,0.0,0.0,0.0,0.3889,0.0,0.1111,0.0,0.2778,0.0556,0.0
32db13d2-219b-51ce-9f01-b6e1be1702ce,4,237400000,59350000,59950000,50500000,67000000,0.1034,448.3969,0.7364,0.2715,2,0.5,0.2891,1.0,0.0,0.0,0.9511,1.5911,0.0555,0.0,0.0,0.0,0.0,0.0,0.0,0.0,0.0,0.5,0.0,0.5
345cb69c-015f-5520-bf83-ec8b1bf93812,3,437100000,145700000,172000000,61100000,204000000,0.5327,537.2106,73.8411,0.17,3,0.3333,0.4582,0.6667,0.3333,0.0,0.7029,0.9745,0.0439,0.0,0.0,0.0,0.0,0.3333,0.0,0.0,0.3333,0.3333,0.0,0.0
38acfa2d-85ab-5007-8e53-d7fbf0a35a8d,8,566010000,70751250,43300000,6610000,233000000,0.9842,465.4348,41.0847,0.5232,6,0.25,0.7227,0.375,0.5,0.125,0.6386,1.3026,0.0576,0.25,0.0,0.0,0.125,0.25,0.0,0.125,0.0,0.125,0.125,0.0
3be1e571-daec-5866-82bf-9bb952bce71b,2,23690000,11845000,11845000,8890000,14800000,0.2549,295.573,18.1852,0.206,1,1.0,-0.0,0.0,0.5,0.5,0.4674,0.974,0.0388,0.0,0.0,0.0,1.0,0.0,0.0,0.0,0.0,0.0,0.0,0.0
3f72fc19-b9dc-5bb0-ad67-00f830f1402d,4,293700000,73425000,82700000,32000000,96300000,0.4402,460.0639,0.9865,0.2646,3,0.5,0.4336,0.75,0.25,0.0,0.6141,0.9667,0.0853,0.0,0.0,0.0,0.0,0.25,0.0,0.25,0.0,0.0,0.0,0.5
43e43bc7-da18-5ea2-8732-6d0f1a2ceff3,37,2339200000,63221622,41200000,11500000,176000000,0.8234,215.9029,4.1105,5.2162,7,0.2432,0.7535,0.3784,0.5676,0.0541,0.7368,1.1835,0.0642,0.0,0.0811,0.0,0.0,0.1622,0.0,0.1622,0.2432,0.2162,0.1081,0.027
44172e1c-bd66-55ba-b447-447aada11fc6,6,324400000,54066667,52550000,34200000,76900000,0.2554,462.7818,52.926,0.3946,1,1.0,-0.0,0.1667,0.8333,0.0,0.5181,0.8892,0.0708,0.0,0.0,0.0,0.0,1.0,0.0,0.0,0.0,0.0,0.0,0.0
44a122eb-e50e-5601-bb59-90f5725f35c4,3,39100000,13033333,7210000,6190000,25700000,0.6382,655.2625,108.5057,0.1394,2,0.6667,0.2654,0.0,0.3333,0.6667,0.4493,0.9167,0.0326,0.0,0.0,0.0,0.0,0.0,0.3333,0.0,0.6667,0.0,0.0,0.0
45cbeb45-e7a8-5400-bd5f-3716602d0b11,6,228900000,38150000,39600000,20700000,53600000,0.3544,494.3662,98.6059,0.3694,3,0.6667,0.3618,0.1667,0.8333,0.0,0.6377,1.6463,0.0518,0.0,0.6667,0.0,0.0,0.1667,0.0,0.1667,0.0,0.0,0.0,0.0
45eeb1ae-c130-5872-b1d9-8041abc064f6,4,48870000,12217500,12550000,9870000,13900000,0.1365,656.5209,339.5179,0.1854,2,0.75,0.2345,0.0,0.75,0.25,0.6793,1.4,0.0409,0.0,0.0,0.25,0.0,0.0,0.75,0.0,0.0,0.0,0.0,0.0
45fe3c4c-a4b2-522f-99e9-6dab132798c3,12,290780000,24231667,22750000,2180000,59000000,0.8622,475.0896,80.826,0.7688,5,0.5833,0.5147,0.1667,0.6667,0.1667,0.5652,1.4958,0.0675,0.0833,0.0,0.0,0.0,0.5833,0.0833,0.0,0.0833,0.1667,0.0,0.0
474eb440-5a37-5ffd-8f99-dfca5ca49d78,18,1312500000,72916667,68750000,23000000,186000000,0.4982,350.8903,2.6432,1.5614,4,0.3889,0.51,0.4444,0.5556,0.0,0.744,1.1768,0.0596,0.0,0.0,0.1111,0.0,0.1111,0.0,0.3889,0.0,0.0,0.0,0.3889
47912d25-6df1-5389-996c-63b4a12b0891,14,697240000,49802857,34300000,7840000,161000000,0.8799,195.5246,29.5896,2.1794,5,0.4286,0.584,0.2143,0.5714,0.2143,0.6832,1.3004,0.0516,0.0714,0.0,0.0,0.2143,0.4286,0.0,0.0,0.0,0.2143,0.0,0.0714
48180fc1-da24-5b0e-8a7a-53d33df05326,7,34160000,4880000,4550000,3000000,7810000,0.316,619.4512,7.3435,0.344,4,0.4286,0.5326,0.0,0.0,1.0,0.4037,1.5402,0.0641,0.4286,0.0,0.1429,0.0,0.0,0.0,0.0,0.0,0.1429,0.0,0.2857
48515244-c393-5b36-a148-4688976b9626,2,14540000,7270000,7270000,6700000,7840000,0.0786,456.8512,86.8832,0.1332,2,0.5,0.2891,0.0,0.0,1.0,0.3804,1.9394,0.0735,0.0,0.0,0.5,0.0,0.0,0.0,0.0,0.0,0.0,0.0,0.5
4a0ab876-f5c1-5e6b-930d-5530936fa7d5,8,330390000,41298750,29050000,5860000,109000000,1.0173,469.6159,9.966,0.5185,4,0.5,0.5059,0.375,0.375,0.25,0.5842,1.289,0.0641,0.0,0.0,0.0,0.125,0.125,0.0,0.0,0.0,0.5,0.0,0.25
4a86e14c-2bce-553a-881e-a2576058b102,7,532000000,76000000,25300000,8800000,271000000,1.1803,349.9384,3.1018,0.6089,3,0.5714,0.3986,0.4286,0.2857,0.2857,0.5404,0.9988,0.0667,0.5714,0.0,0.0,0.0,0.0,0.0,0.0,0.0,0.2857,0.1429,0.0
4afba102-2377-5929-b170-70f6cfa4bfea,11,450000000,40909091,37900000,13700000,79000000,0.4964,496.0771,49.6844,0.6749,7,0.2727,0.7699,0.2727,0.5455,0.1818,0.6225,0.9939,0.0738,0.0,0.0909,0.2727,0.0909,0.0,0.0,0.0909,0.1818,0.0,0.0909,0.1818
4c651658-1bd6-5988-bfa3-b4edb56a667a,3,1479000000,493000000,337000000,327000000,815000000,0.4236,209.6985,47.8246,0.4354,1,1.0,-0.0,1.0,0.0,0.0,0.6232,1.0908,0.0771,0.0,0.0,0.0,0.0,1.0,0.0,0.0,0.0,0.0,0.0,0.0
4d585877-2c17-5012-8f6e-09593a947064,16,1864400000,116525000,106500000,26100000,253000000,0.6879,240.98,11.1487,2.0209,4,0.625,0.4341,0.6875,0.3125,0.0,0.8696,1.1748,0.0662,0.0,0.0,0.0,0.0,0.0,0.125,0.0625,0.625,0.0,0.0,0.1875
4d92d705-4df8-5043-9e02-eb1038c10658,3,18080000,6026667,6550000,3210000,8320000,0.4045,689.7,63.7981,0.1324,2,0.6667,0.2654,0.0,0.3333,0.6667,0.3551,1.3048,0.0668,0.0,0.0,0.0,0.3333,0.0,0.0,0.0,0.0,0.6667,0.0,0.0
4e10f433-6104-54e3-bdda-547a8530d03b,11,1154760000,104978182,88500000,7460000,234000000,1.0531,228.5948,0.7428,1.4647,6,0.3636,0.6648,0.6364,0.2727,0.0909,0.7213,1.1014,0.0685,0.0909,0.0,0.0,0.0909,0.3636,0.0,0.0909,0.2727,0.0,0.0909,0.0
4e3ced83-fd56-55fd-abd7-47be78725639,9,74150000,8238889,6810000,3160000,17700000,0.5562,248.9792,19.978,1.1002,4,0.4444,0.5309,0.0,0.3333,0.6667,0.3357,0.9127,0.0496,0.0,0.0,0.0,0.0,0.2222,0.1111,0.0,0.2222,0.4444,0.0,0.0
4e5749fa-1d58-58e8-b68a-db3089c84b49,4,44380000,11095000,8265000,3050000,24800000,0.7419,237.142,12.7033,0.5134,4,0.25,0.5781,0.0,0.5,0.5,0.4239,1.763,0.067,0.25,0.0,0.0,0.0,0.0,0.25,0.0,0.25,0.25,0.0,0.0
4ed5288c-a104-5753-982d-16b46a560585,5,29880000,5976000,5240000,3620000,8210000,0.2945,647.5454,160.2091,0.235,3,0.6,0.3963,0.0,0.2,0.8,0.2348,0.8333,0.0736,0.0,0.0,0.0,0.0,0.2,0.0,0.0,0.2,0.6,0.0,0.0
509ff7d1-c1b7-532b-b451-eb13d4d19087,7,45200000,6457143,6060000,2870000,11900000,0.4106,616.5108,36.5395,0.3456,4,0.4286,0.5326,0.0,0.0,1.0,0.5994,1.4952,0.0705,0.1429,0.0,0.0,0.1429,0.4286,0.0,0.0,0.2857,0.0,0.0,0.0
52eb5e38-9a88-5ab0-b251-16ec53ce59fa,3,16390000,5463333,4820000,2620000,8950000,0.5015,494.1039,84.5194,0.1848,2,0.6667,0.2654,0.0,0.3333,0.6667,0.5145,1.9365,0.0726,0.0,0.0,0.0,0.0,0.0,0.3333,0.0,0.0,0.6667,0.0,0.0
546965ee-d8ae-5195-ac49-c2d0521933fa,3,501100000,167033333,199000000,80100000,222000000,0.457,710.8896,474.2775,0.1284,2,0.6667,0.2654,1.0,0.0,0.0,0.8841,1.3968,0.0344,0.0,0.0,0.0,0.0,0.0,0.0,0.0,0.6667,0.3333,0.0,0.0
56106975-37fe-55fe-a6fd-24180e933953,4,22160000,5540000,5420000,2770000,8550000,0.4789,442.9903,5.9067,0.2748,2,0.75,0.2345,0.0,0.0,1.0,0.2663,1.2292,0.0538,0.25,0.0,0.0,0.0,0.75,0.0,0.0,0.0,0.0,0.0,0.0
58f42b9d-4015-51fe-8410-cefbda4f365f,9,370770000,41196667,40100000,7270000,86000000,0.7828,649.6942,7.441,0.4216,6,0.3333,0.6994,0.2222,0.6667,0.1111,0.5121,0.9933,0.0548,0.1111,0.1111,0.0,0.0,0.0,0.1111,0.2222,0.0,0.3333,0.1111,0.0
598cdc17-1229-5d55-8f09-5780909cb63f,6,202600000,33766667,31000000,21400000,47900000,0.2721,499.1911,37.5947,0.3658,5,0.3333,0.6509,0.0,1.0,0.0,0.7536,1.6407,0.0692,0.0,0.3333,0.0,0.0,0.1667,0.0,0.1667,0.1667,0.1667,0.0,0.0
5aaedc22-3a57-56fe-afc2-35293cd5b01a,6,224100000,37350000,24600000,12900000,80600000,0.714,716.0588,42.585,0.255,3,0.6667,0.3618,0.1667,0.6667,0.1667,0.4674,1.0571,0.0517,0.0,0.0,0.0,0.0,0.1667,0.0,0.0,0.1667,0.0,0.6667,0.0
5bd8431b-e2d7-592a-8a4b-dcaa250cc2cd,4,30170000,7542500,7185000,3300000,12500000,0.4752,502.7962,137.1468,0.2421,3,0.5,0.4336,0.0,0.5,0.5,0.538,2.2625,0.0348,0.0,0.0,0.0,0.0,0.25,0.5,0.0,0.0,0.25,0.0,0.0
5c3826f0-492a-5274-a17f-b749a6e3ac8a,13,606180000,46629231,41100000,7180000,150000000,0.7642,354.3664,17.0675,1.1166,6,0.4615,0.6191,0.4615,0.4615,0.0769,0.6355,1.3236,0.0718,0.0769,0.0769,0.0,0.0,0.4615,0.0,0.0,0.0769,0.2308,0.0,0.0769
5cb7773c-211a-5d9c-819a-e30bc06bc3ee,4,79760000,19940000,20600000,6260000,32300000,0.7029,233.3202,10.2085,0.5218,2,0.5,0.2891,0.0,0.75,0.25,0.5652,1.5073,0.0746,0.5,0.0,0.0,0.0,0.0,0.0,0.0,0.0,0.5,0.0,0.0
5e836647-71e8-5142-aaab-f158e91ead18,3,829000000,276333333,277000000,264000000,288000000,0.0356,460.2293,138.038,0.1984,2,0.6667,0.2654,1.0,0.0,0.0,0.7464,1.1019,0.089,0.0,0.0,0.0,0.0,0.3333,0.0,0.0,0.6667,0.0,0.0,0.0
5e998efc-04c6-5544-914b-bfe322536fbc,5,38110000,7622000,6400000,3000000,15200000,0.5457,276.5147,6.0119,0.5504,4,0.4,0.5556,0.0,0.0,1.0,0.2304,1.0073,0.0646,0.0,0.0,0.2,0.0,0.4,0.0,0.0,0.2,0.0,0.2,0.0
632614bc-8273-554c-b000-ee62113bcda6,5,65180000,13036000,9470000,3730000,27100000,0.6687,496.4076,25.9631,0.3066,4,0.4,0.5556,0.0,0.4,0.6,0.2522,0.8246,0.0383,0.2,0.2,0.0,0.0,0.2,0.0,0.0,0.0,0.4,0.0,0.0
66a4e198-2582-5bd6-888f-e2530da725b8,5,57140000,11428000,9100000,6170000,18500000,0.4174,214.4593,36.4959,0.7096,3,0.6,0.3963,0.0,0.6,0.4,0.4739,1.3443,0.0754,0.2,0.0,0.2,0.0,0.0,0.6,0.0,0.0,0.0,0.0,0.0
67a2d7e0-e408-5234-b2a7-fbc7a2fa188e,4,34640000,8660000,8460000,7320000,10400000,0.1255,668.747,156.159,0.1821,3,0.5,0.4336,0.0,0.25,0.75,0.3913,1.3988,0.049,0.0,0.0,0.0,0.0,0.25,0.0,0.0,0.0,0.25,0.5,0.0
68e8cbbb-da04-5541-862e-e1e28cf5c347,9,79170000,8796667,7940000,5980000,13500000,0.2596,498.1281,55.4255,0.5499,3,0.5556,0.415,0.0,0.0,1.0,0.3527,1.5238,0.063,0.0,0.0,0.0,0.2222,0.5556,0.0,0.0,0.0,0.2222,0.0,0.0
6f2b0b05-c566-578e-9ecf-c28242dee719,7,115980000,16568571,17300000,9480000,22500000,0.2675,613.3712,25.8217,0.3474,3,0.7143,0.3321,0.0,1.0,0.0,0.6087,1.1364,0.0702,0.0,0.1429,0.0,0.0,0.0,0.7143,0.0,0.0,0.0,0.1429,0.0
6f338842-5807-511a-8b0f-216469d03cb4,5,701400000,140280000,174000000,47100000,214000000,0.5782,585.0525,121.3698,0.2601,4,0.4,0.5556,0.8,0.2,0.0,0.8435,1.3105,0.0635,0.0,0.0,0.0,0.0,0.2,0.0,0.2,0.2,0.4,0.0,0.0
707728ca-a796-5849-83ff-74af4dd9b3ff,8,529900000,66237500,52150000,25000000,159000000,0.5137,397.2211,30.625,0.613,2,0.875,0.1571,0.25,0.75,0.0,0.6739,1.2777,0.0454,0.0,0.0,0.0,0.0,0.875,0.0,0.125,0.0,0.0,0.0,0.0
75305bd7-d03a-5c27-9008-2b56dbe975bd,12,402530000,33544167,20650000,5240000,89200000,0.9617,374.3716,1.2165,0.9756,4,0.5833,0.4484,0.25,0.4167,0.3333,0.6014,1.2007,0.0572,0.0833,0.0,0.0,0.0,0.25,0.0,0.0,0.0833,0.5833,0.0,0.0
7583df8a-98f3-56dd-a57a-0d891d4f929f,8,381800000,47725000,41700000,10900000,87200000,0.718,424.8733,23.136,0.5731,3,0.5,0.4063,0.625,0.125,0.25,0.6413,1.4754,0.0577,0.0,0.0,0.0,0.0,0.5,0.0,0.0,0.375,0.125,0.0,0.0
7826a75f-b01b-5b15-8090-950a730170ee,3,26260000,8753333,9700000,5660000,10900000,0.2854,683.2148,254.3661,0.1337,1,1.0,-0.0,0.0,0.0,1.0,0.5507,1.5556,0.0271,0.0,0.0,0.0,0.0,1.0,0.0,0.0,0.0,0.0,0.0,0.0
78313e7d-68ff-5703-9245-2cfaee6439ed,3,43250000,14416667,11900000,7850000,23500000,0.452,622.8527,346.5521,0.1466,3,0.3333,0.4582,0.0,0.6667,0.3333,0.6014,0.9111,0.0249,0.0,0.0,0.0,0.0,0.3333,0.3333,0.0,0.0,0.3333,0.0,0.0
788677ac-73c2-5563-a331-b3e7bdad68a9,1,10300000,10300000,10300000,10300000,10300000,0.0,467.5765,147.704,0.0651,1,1.0,-0.0,0.0,1.0,0.0,0.7609,1.0,0.0636,0.0,0.0,0.0,0.0,0.0,1.0,0.0,0.0,0.0,0.0,0.0
794a1ad7-3dcb-5e01-ab47-663d34cadb1c,10,692500000,69250000,58950000,21800000,149000000,0.5526,431.165,13.0773,0.7059,4,0.6,0.4541,0.5,0.4,0.1,0.737,1.2398,0.0553,0.0,0.0,0.1,0.0,0.2,0.0,0.1,0.6,0.0,0.0,0.0
7b4d85c8-868f-5ea4-8316-f36e9a7e06c4,15,564900000,37660000,26200000,12100000,124000000,0.6331,344.543,0.099,1.3251,9,0.2667,0.8596,0.1333,0.8,0.0667,0.6493,1.166,0.0666,0.1333,0.0667,0.0,0.0667,0.0667,0.1333,0.1333,0.2667,0.0667,0.0667,0.0
7cb4d2fb-3679-51b5-8896-f934faf8254c,20,513850000,25692500,15500000,3780000,117000000,0.8595,481.6277,4.1683,1.2639,7,0.25,0.7474,0.1,0.45,0.45,0.4207,1.0689,0.0514,0.0,0.1,0.05,0.0,0.15,0.0,0.05,0.15,0.25,0.25,0.0
7dd9860e-b390-50c5-899d-08c943295c11,6,138700000,23116667,17600000,11300000,52300000,0.4901,208.8199,20.0854,0.8746,5,0.3333,0.6509,0.0,0.8333,0.1667,0.4384,1.0969,0.0586,0.0,0.0,0.0,0.1667,0.1667,0.3333,0.1667,0.0,0.0,0.1667,0.0
7f25976e-29ea-5014-ba41-8f61f001af2d,8,341200000,42650000,36000000,14000000,109000000,0.545,375.5347,7.1221,0.6484,5,0.375,0.6231,0.25,0.75,0.0,0.644,1.4065,0.0646,0.125,0.125,0.0,0.0,0.0,0.0,0.25,0.125,0.375,0.0,0.0
8027957b-7b93-5032-915c-3cbd4142f8a8,14,863300000,61664286,59600000,24000000,165000000,0.5586,302.4884,33.3141,1.4087,7,0.2857,0.7546,0.6429,0.3571,0.0,0.6817,1.1932,0.055,0.0714,0.0714,0.0,0.0,0.2857,0.0,0.0714,0.1429,0.1429,0.2143,0.0
82c2f17c-35d3-54f1-aebf-a42481a257ca,2,167600000,83800000,83800000,21600000,146000000,0.9555,273.1327,90.4482,0.2229,2,0.5,0.2891,0.5,0.0,0.5,0.4783,1.35,0.0224,0.5,0.0,0.0,0.0,0.0,0.0,0.0,0.0,0.5,0.0,0.0
83333cf0-523d-5361-94bd-c5d79ea72d30,8,469640000,58705000,24900000,7940000,311000000,1.0494,519.6452,170.4895,0.4686,5,0.25,0.6504,0.25,0.625,0.125,0.5326,1.1886,0.0574,0.0,0.25,0.0,0.0,0.25,0.125,0.0,0.25,0.125,0.0,0.0
8623984d-842f-570f-85ac-09bcb15b3953,4,296600000,74150000,69850000,20900000,136000000,0.7928,525.6064,32.2185,0.2316,2,0.75,0.2345,0.5,0.5,0.0,0.6141,0.8625,0.0676,0.0,0.0,0.0,0.0,0.75,0.0,0.0,0.0,0.25,0.0,0.0
87bf1596-15f4-52d5-95c9-43647331c2f3,2,29100000,14550000,14550000,4300000,24800000,0.8761,485.2255,109.15,0.1255,2,0.5,0.2891,0.0,0.5,0.5,0.6196,0.8871,0.0344,0.0,0.0,0.0,0.5,0.0,0.0,0.0,0.0,0.5,0.0,0.0
87c5ecb9-dcb5-5270-9095-84661e8899cd,4,347200000,86800000,87250000,64700000,108000000,0.2003,341.4923,28.5793,0.3565,3,0.5,0.4336,1.0,0.0,0.0,0.9565,1.5533,0.0502,0.25,0.0,0.0,0.0,0.0,0.0,0.0,0.0,0.5,0.0,0.25
896ebace-7864-5a80-a32d-10a7f036dbcc,3,154700000,51566667,23700000,11000000,120000000,0.9961,220.9071,32.915,0.4134,2,0.6667,0.2654,0.3333,0.6667,0.0,0.8406,2.2013,0.0042,0.0,0.0,0.0,0.0,0.6667,0.0,0.0,0.3333,0.0,0.0,0.0
8ad954bc-1b99-5407-973d-73554444435a,6,451200000,75200000,63050000,19300000,159000000,0.6354,277.1398,16.9701,0.659,4,0.3333,0.5545,0.6667,0.3333,0.0,0.8152,1.6508,0.0621,0.1667,0.0,0.0,0.0,0.3333,0.0,0.0,0.3333,0.0,0.0,0.1667
8ea2fbac-fba1-546b-8c7e-d8ffacc66fa3,7,432200000,61742857,56700000,23000000,153000000,0.5991,680.7684,84.0219,0.313,3,0.7143,0.3321,0.4286,0.5714,0.0,0.4969,0.976,0.0807,0.0,0.0,0.1429,0.0,0.7143,0.0,0.0,0.1429,0.0,0.0,0.0
8f2d1c90-b967-5b2f-95ac-e3ad4ba706a3,3,184600000,61533333,68400000,46700000,69500000,0.1838,382.0383,86.9453,0.239,2,0.6667,0.2654,1.0,0.0,0.0,0.913,1.3468,0.0543,0.0,0.0,0.0,0.0,0.6667,0.0,0.0,0.0,0.3333,0.0,0.0
8ff05a10-8614-5a15-9c42-86ff10200f89,5,173810000,34762000,26800000,5200000,82300000,1.0559,489.8863,39.6494,0.3107,4,0.4,0.5556,0.2,0.6,0.2,0.6783,1.4286,0.048,0.2,0.0,0.0,0.0,0.2,0.0,0.0,0.4,0.0,0.0,0.2
8ffa5b86-7270-5fc0-bf1c-5b43800acac3,13,873500000,67192308,48700000,16600000,189000000,0.7759,368.902,8.7941,1.0726,6,0.3077,0.6971,0.3846,0.6154,0.0,0.8144,1.2338,0.0621,0.0,0.0769,0.0,0.0,0.2308,0.0,0.1538,0.1538,0.3077,0.0769,0.0
91208491-af2c-5360-b7a5-93ffd255697d,3,298500000,99500000,107000000,42500000,149000000,0.5308,271.7476,62.9275,0.336,1,1.0,-0.0,0.6667,0.3333,0.0,0.913,0.9965,0.0497,0.0,0.0,0.0,0.0,0.0,0.0,0.0,0.0,1.0,0.0,0.0
9144077e-2a07-55b3-bcf2-4c054eb2d349,6,332190000,55365000,43350000,8590000,120000000,0.881,405.8237,26.574,0.45,3,0.5,0.4218,0.3333,0.5,0.1667,0.7065,1.445,0.0464,0.0,0.1667,0.0,0.0,0.3333,0.0,0.0,0.0,0.0,0.0,0.5
914cb54d-8dc4-55e6-9bba-447bf30c7df3,13,746500000,57423077,53600000,22800000,113000000,0.4473,337.3398,29.5101,1.173,5,0.3846,0.5892,0.3846,0.6154,0.0,0.806,1.2685,0.0602,0.0769,0.0,0.0,0.0,0.1538,0.0,0.3077,0.3846,0.0769,0.0,0.0
915218bb-3657-5a11-bfd2-7d216c02e86d,2,5120000,2560000,2560000,1530000,3590000,0.4264,548.0482,42.6707,0.1111,1,1.0,-0.0,0.0,0.0,1.0,0.2826,0.9643,0.0616,0.0,0.0,0.0,0.0,0.0,0.0,0.0,0.0,0.0,0.0,1.0
93c33139-3007-5725-9eff-41db7823137a,3,258500000,86166667,73900000,65600000,119000000,0.2573,486.0367,217.1846,0.1879,2,0.6667,0.2654,1.0,0.0,0.0,0.5942,0.9444,0.0669,0.6667,0.0,0.0,0.0,0.0,0.0,0.0,0.0,0.0,0.0,0.3333
95158fe7-2d9c-5d33-bb80-597ad6f20eff,14,755590000,53970714,36900000,7790000,175000000,0.9367,317.8635,32.3309,1.3406,6,0.2857,0.7133,0.2857,0.5714,0.1429,0.6196,1.1031,0.0763,0.1429,0.2857,0.0,0.1429,0.1429,0.0,0.0714,0.0,0.2143,0.0,0.0
969ea2f4-2a3c-52ed-9972-6aff0a5d073e,7,495910000,70844286,39200000,7310000,181000000,1.1463,525.5359,3.3063,0.4054,4,0.2857,0.5637,0.7143,0.1429,0.1429,0.618,1.17,0.0575,0.0,0.0,0.0,0.0,0.2857,0.0,0.1429,0.2857,0.0,0.0,0.2857
96d805da-4016-5aad-9187-6ce1aba206b1,7,898500000,128357143,115000000,55600000,223000000,0.4894,288.0106,29.0231,0.7398,3,0.5714,0.3986,0.7143,0.2857,0.0,0.7795,1.3081,0.0639,0.2857,0.0,0.0,0.0,0.5714,0.0,0.0,0.0,0.1429,0.0,0.0
9977cbaa-9155-5efa-8f3c-e787d7dddc25,6,949500000,158250000,139000000,88500000,256000000,0.3781,277.3898,99.8876,0.6584,2,0.8333,0.1879,0.8333,0.1667,0.0,0.9638,1.4401,0.0523,0.0,0.0,0.0,0.0,0.0,0.0,0.0,0.8333,0.1667,0.0,0.0
9a779412-e497-579b-8d83-f9ab37185061,31,2226510000,71822903,58000000,8210000,249000000,0.8232,206.9804,1.1587,4.5587,6,0.4194,0.6105,0.4839,0.4516,0.0645,0.7847,1.1949,0.0617,0.0323,0.129,0.0,0.0,0.129,0.0,0.0,0.4194,0.2581,0.0323,0.0
9aa3bd69-c459-515c-ba8f-b408ef95a728,6,25230000,4205000,4280000,3210000,5020000,0.1652,709.9087,40.1677,0.2573,4,0.3333,0.5545,0.0,0.0,1.0,0.25,0.9611,0.0729,0.1667,0.0,0.0,0.1667,0.3333,0.0,0.0,0.0,0.0,0.0,0.3333
9ac8c76a-dfc6-520e-a4a3-166478ef223e,3,694000000,231333333,165000000,140000000,389000000,0.4481,572.6493,5.713,0.1595,1,1.0,-0.0,1.0,0.0,0.0,0.8623,2.7953,0.0592,0.0,0.0,0.0,0.0,1.0,0.0,0.0,0.0,0.0,0.0,0.0
9c4af862-0b35-5bbf-aba9-928990d127fe,4,664000000,166000000,172000000,109000000,211000000,0.243,539.8753,135.8167,0.2255,2,0.5,0.2891,1.0,0.0,0.0,0.6685,1.131,0.0212,0.0,0.0,0.0,0.0,0.5,0.0,0.0,0.0,0.5,0.0,0.0
9c6e09a0-2346-5608-ba26-22aa33f52834,7,482700000,68957143,69700000,14000000,119000000,0.7436,339.8344,48.4467,0.627,5,0.4286,0.6152,0.7143,0.1429,0.1429,0.7516,1.2768,0.0803,0.0,0.0,0.0,0.0,0.1429,0.0,0.0,0.4286,0.1429,0.1429,0.1429
9d360ee0-0088-5658-a8d1-0db5083b94f7,11,465800000,42345455,42400000,14300000,107000000,0.5632,709.8392,121.599,0.4717,6,0.4545,0.6424,0.5455,0.3636,0.0909,0.6522,1.3244,0.0721,0.0909,0.0,0.0909,0.0,0.0909,0.0,0.0909,0.0,0.4545,0.0,0.1818
9d8ddd11-a801-58bc-9aaa-664e027e1f0a,7,407620000,58231429,32700000,8920000,201000000,0.9619,480.8895,3.2726,0.4431,4,0.4286,0.5326,0.4286,0.4286,0.1429,0.7112,1.533,0.0549,0.0,0.0,0.0,0.0,0.2857,0.0,0.0,0.0,0.4286,0.1429,0.1429
9e09a6df-081c-5378-9fe5-48b677ed79d0,17,989500000,58205882,23800000,12000000,276000000,0.913,212.8893,9.3782,2.4305,6,0.4706,0.6034,0.1765,0.8235,0.0,0.6368,1.2199,0.0596,0.0588,0.0,0.0,0.0,0.2353,0.0588,0.1176,0.0588,0.0,0.4706,0.0
9e764bb8-a7de-565b-b008-4ab804012d64,7,401780000,57397143,51000000,5080000,175000000,1.0389,194.8439,21.572,1.0935,2,0.8571,0.171,0.4286,0.1429,0.4286,0.5435,0.9312,0.0438,0.0,0.0,0.0,0.1429,0.0,0.0,0.0,0.0,0.8571,0.0,0.0
9f622511-dc95-5f40-932f-4084d772d648,7,134440000,19205714,16800000,7850000,39200000,0.5944,336.8615,3.663,0.6325,5,0.2857,0.6463,0.0,0.5714,0.4286,0.6087,1.4332,0.0721,0.0,0.0,0.0,0.2857,0.2857,0.1429,0.0,0.0,0.1429,0.1429,0.0
9f9080b9-7195-5910-8532-44b6139f476e,9,527580000,58620000,37000000,8580000,156000000,0.8397,427.2064,2.4991,0.6412,2,0.8889,0.1455,0.3333,0.5556,0.1111,0.6812,1.2749,0.0625,0.1111,0.0,0.0,0.0,0.0,0.0,0.0,0.0,0.8889,0.0,0.0
a0c9e075-3c1c-5be0-aa5c-9c55c32e3b33,1,201000000,201000000,201000000,201000000,201000000,0.0,409.3919,82.9729,0.0743,1,1.0,-0.0,1.0,0.0,0.0,0.5435,0.9231,0.0429,0.0,0.0,0.0,0.0,1.0,0.0,0.0,0.0,0.0,0.0,0.0
a0e727f2-1e54-59ea-8659-39e42162df5c,3,40890000,13630000,15100000,6090000,19700000,0.5026,476.4756,13.2559,0.1916,3,0.3333,0.4582,0.0,0.6667,0.3333,0.529,1.0444,0.0495,0.0,0.0,0.0,0.0,0.3333,0.3333,0.0,0.3333,0.0,0.0,0.0
a2ee3505-1898-5fa4-a468-f5f9c6772028,5,63330000,12666000,6610000,5980000,33100000,0.6519,646.0842,68.8121,0.2356,4,0.4,0.5556,0.2,0.4,0.4,0.6043,1.4356,0.0519,0.0,0.0,0.0,0.0,0.4,0.2,0.0,0.0,0.0,0.2,0.2
a493392b-9bbc-58d0-8311-0ac95fc74fd0,10,49210000,4921000,4050000,2180000,12300000,0.4365,650.5315,4.8369,0.4679,5,0.3,0.6275,0.0,0.2,0.8,0.3522,1.0316,0.0571,0.1,0.0,0.0,0.0,0.3,0.2,0.0,0.0,0.3,0.1,0.0
ab0a5d93-6d62-5a71-8bed-671920b3abca,3,489600000,163200000,150000000,88600000,251000000,0.4251,348.4955,24.1722,0.262,2,0.6667,0.2654,1.0,0.0,0.0,0.5942,0.8513,0.0699,0.3333,0.0,0.0,0.0,0.0,0.0,0.0,0.0,0.0,0.0,0.6667
abe2101b-194e-5e3b-baaf-08e8968b9850,1,2340000,2340000,2340000,2340000,2340000,0.0,485.787,232.7468,0.0627,1,1.0,-0.0,0.0,0.0,1.0,0.1304,0.3333,0.025,1.0,0.0,0.0,0.0,0.0,0.0,0.0,0.0,0.0,0.0,0.0
acf13e93-9c02-5953-af7b-9e0867f09454,6,769400000,128233333,112500000,27900000,310000000,0.7058,277.2829,80.0395,0.6586,4,0.5,0.5181,0.8333,0.0,0.1667,0.7717,1.4176,0.0558,0.5,0.0,0.1667,0.0,0.0,0.0,0.0,0.0,0.1667,0.0,0.1667
adf570fb-d074-553c-b198-c922b7051759,6,884500000,147416667,140000000,98500000,219000000,0.2538,337.3926,35.2165,0.5413,4,0.3333,0.5545,0.8333,0.1667,0.0,0.8225,1.2691,0.0681,0.3333,0.0,0.0,0.0,0.0,0.0,0.1667,0.1667,0.0,0.0,0.3333
ae9a0e88-72e5-5523-b081-7fbc68880af7,5,17740000,3548000,3530000,2700000,4630000,0.1858,252.1455,62.8672,0.6036,4,0.4,0.5556,0.0,0.0,1.0,0.4609,1.7586,0.0708,0.0,0.0,0.0,0.2,0.4,0.0,0.0,0.2,0.0,0.0,0.2
aff844a9-441c-5139-8580-f9e7608f9e5c,18,1013400000,56300000,43650000,11100000,171000000,0.7949,356.3959,1.1293,1.5373,7,0.4444,0.6672,0.3333,0.6111,0.0556,0.6449,1.1541,0.0714,0.0,0.0556,0.0556,0.0,0.4444,0.1667,0.0,0.1667,0.0556,0.0,0.0556
b1c9bddf-2355-539f-b671-0d3f392cab36,4,33340000,8335000,8695000,5250000,10700000,0.2625,364.2285,7.0502,0.3343,3,0.5,0.4336,0.0,0.25,0.75,0.2446,0.7697,0.0665,0.0,0.0,0.0,0.5,0.25,0.0,0.0,0.0,0.25,0.0,0.0
b4e13e44-297b-50b1-9462-4de4a9df9d7c,7,83550000,11935714,11000000,2150000,24900000,0.7966,258.5633,0.0066,0.824,2,0.5714,0.2848,0.0,0.5714,0.4286,0.5342,1.3118,0.0501,0.0,0.0,0.0,0.0,0.5714,0.0,0.0,0.0,0.4286,0.0,0.0
b5db4183-0a3f-5b2a-be82-4d84565595b8,3,111450000,37150000,32200000,8450000,70800000,0.8774,260.6278,0.2116,0.3504,1,1.0,-0.0,0.3333,0.3333,0.3333,0.558,1.2519,0.0631,0.0,0.0,0.0,0.0,1.0,0.0,0.0,0.0,0.0,0.0,0.0
b90a6efe-9834-540f-bbdd-1c6bab40f04a,13,860700000,66207692,64900000,18500000,118000000,0.6323,700.6724,21.985,0.5647,8,0.3077,0.8028,0.5385,0.4615,0.0,0.7408,1.1149,0.0452,0.0769,0.0,0.1538,0.0,0.0769,0.0769,0.0,0.1538,0.3077,0.0769,0.0769
bb3ffa0f-14da-55eb-a57f-c2df04802686,14,972300000,69450000,69600000,28000000,140000000,0.5532,536.1331,0.3957,0.7948,3,0.8571,0.2123,0.7143,0.2857,0.0,0.6429,1.3783,0.0657,0.0714,0.0,0.0,0.0,0.8571,0.0,0.0,0.0,0.0,0.0,0.0714
bbf1bb4d-da5e-5b73-9d8f-a77f234626af,4,132900000,33225000,34150000,18400000,46200000,0.3359,393.6477,42.2664,0.3093,4,0.25,0.5781,0.25,0.75,0.0,0.6685,1.3897,0.0717,0.25,0.0,0.0,0.0,0.25,0.0,0.25,0.0,0.0,0.0,0.25
be4b0a7a-9024-5d01-9efd-04a32d568f07,5,42520000,8504000,5870000,1950000,22100000,0.7707,624.4336,26.7714,0.2437,4,0.4,0.5556,0.0,0.2,0.8,0.3391,1.1342,0.0758,0.0,0.0,0.0,0.0,0.2,0.0,0.0,0.4,0.2,0.2,0.0
bfedcb39-8cfe-5eea-91f2-43a30581ac27,2,201400000,100700000,100700000,43400000,158000000,0.6461,355.7272,154.2199,0.1711,1,1.0,-0.0,1.0,0.0,0.0,0.8913,1.6878,0.0445,0.0,0.0,0.0,0.0,0.0,0.0,0.0,0.0,0.0,0.0,1.0
c07dad9e-28c6-5d39-9bdc-f772ec3b500f,7,389200000,55600000,57200000,22700000,99800000,0.4973,570.1125,77.7837,0.3737,5,0.4286,0.6152,0.5714,0.4286,0.0,0.7919,1.2285,0.0743,0.1429,0.0,0.0,0.0,0.0,0.1429,0.1429,0.1429,0.4286,0.0,0.0
c0ca208a-f711-5c22-95e7-6eaa871f2f38,2,15330000,7665000,7665000,2330000,13000000,0.8595,512.3536,301.6924,0.1188,2,0.5,0.2891,0.0,0.0,1.0,0.3913,1.6667,0.034,0.0,0.0,0.0,0.0,0.0,0.0,0.0,0.5,0.0,0.0,0.5
c11f3e8a-99bb-5153-885e-7646661cf764,5,64780000,12956000,8490000,5900000,33500000,0.6029,441.9705,18.901,0.3443,3,0.4,0.4399,0.0,0.6,0.4,0.387,0.8428,0.0701,0.0,0.0,0.0,0.2,0.4,0.4,0.0,0.0,0.0,0.0,0.0
c1701bf2-a325-587f-9e7b-7fe7e0351aec,3,8800000,2933333,2740000,2700000,3360000,0.0998,428.2515,144.5822,0.2132,2,0.6667,0.2654,0.0,0.0,1.0,0.0797,0.7683,0.072,0.6667,0.0,0.0,0.0,0.0,0.0,0.0,0.3333,0.0,0.0,0.0
c20dda97-37cd-5f2d-9c16-970d5069464f,3,20870000,6956667,6440000,5840000,8590000,0.1638,689.4517,383.6604,0.1324,1,1.0,-0.0,0.0,0.0,1.0,0.6957,1.0952,0.0768,0.0,0.0,0.0,0.0,0.0,0.0,0.0,0.0,1.0,0.0,0.0
c6259694-efa2-59da-af12-3baae1b19e5c,22,1049000000,47681818,41300000,7570000,159000000,0.8316,460.9051,52.0101,1.4528,6,0.2727,0.6876,0.1818,0.6818,0.1364,0.7441,1.4697,0.0537,0.0,0.0909,0.0,0.0,0.1364,0.0,0.1818,0.2727,0.2727,0.0,0.0455
c8216a19-2bc6-52cf-9503-71618f90f5b4,6,163170000,27195000,23950000,9970000,47800000,0.5719,480.0766,94.4177,0.3804,5,0.3333,0.6509,0.1667,0.6667,0.1667,0.6558,1.3125,0.0746,0.1667,0.0,0.0,0.0,0.0,0.3333,0.1667,0.1667,0.1667,0.0,0.0
c88e7fc5-2c1f-5020-b5a7-880431b07355,3,16110000,5370000,5650000,4750000,5710000,0.0844,223.7163,91.7056,0.4082,2,0.6667,0.2654,0.0,0.0,1.0,0.2391,1.6222,0.0805,0.0,0.0,0.0,0.0,0.0,0.0,0.0,0.0,0.3333,0.6667,0.0
c8e879de-ae8a-5281-9175-608f3e2f7300,4,277800000,69450000,59350000,51100000,108000000,0.3049,259.1255,18.9226,0.4698,3,0.5,0.4336,0.5,0.5,0.0,0.8967,1.278,0.0671,0.0,0.0,0.0,0.0,0.25,0.0,0.0,0.5,0.25,0.0,0.0
c95ec7ea-92a7-513e-b0f2-1da5e321bded,9,425500000,47277778,46800000,10900000,102000000,0.7093,608.1477,0.295,0.4504,6,0.4444,0.6594,0.2222,0.6667,0.1111,0.6353,1.1879,0.0631,0.0,0.0,0.0,0.1111,0.4444,0.0,0.1111,0.0,0.1111,0.1111,0.1111
cab8359d-bf2b-5fd5-ae41-0788100e71b5,2,219000000,109500000,109500000,109000000,110000000,0.0046,525.3146,140.8399,0.1159,2,0.5,0.2891,1.0,0.0,0.0,0.8913,1.2147,0.0462,0.5,0.0,0.0,0.0,0.0,0.0,0.0,0.5,0.0,0.0,0.0
cb68b468-58e2-5344-9336-c3ea8f529a6d,3,10570000,3523333,3450000,2830000,4290000,0.1699,579.4151,157.4958,0.1576,2,0.6667,0.2654,0.0,0.0,1.0,0.1812,0.6508,0.0461,0.0,0.0,0.0,0.0,0.0,0.0,0.0,0.0,0.3333,0.6667,0.0
ce7d11b4-b434-57d4-a507-54d40c8eb223,7,1230000000,175714286,170000000,136000000,246000000,0.1743,714.8422,27.9068,0.2981,3,0.4286,0.4188,1.0,0.0,0.0,0.6149,1.0058,0.054,0.0,0.0,0.0,0.0,0.4286,0.0,0.0,0.4286,0.1429,0.0,0.0
cfcc9f80-a229-5abc-867d-47a8c6e6592e,6,368100000,61350000,39800000,22700000,128000000,0.6823,454.7354,0.2354,0.4016,2,0.8333,0.1879,0.3333,0.6667,0.0,0.6558,1.7056,0.0566,0.0,0.0,0.0,0.0,0.8333,0.0,0.1667,0.0,0.0,0.0,0.0
d087854d-40ba-50b7-8077-65bf58aaecfc,4,504000000,126000000,125000000,115000000,139000000,0.0682,455.027,40.6325,0.2676,3,0.5,0.4336,1.0,0.0,0.0,0.788,1.0273,0.048,0.25,0.0,0.0,0.0,0.25,0.0,0.0,0.5,0.0,0.0,0.0
d0f53cba-fee4-5de9-b2e9-86e357a6ef88,10,70010000,7001000,7070000,3470000,11700000,0.2996,449.1723,6.0055,0.6776,4,0.4,0.5337,0.0,0.3,0.7,0.4978,1.7236,0.0458,0.0,0.0,0.0,0.0,0.1,0.3,0.0,0.4,0.2,0.0,0.0
d10b4e12-8728-5b1b-98cf-9eb8c29367c5,8,275940000,34492500,32750000,8240000,67500000,0.5747,541.3259,66.4333,0.4498,4,0.625,0.4477,0.125,0.75,0.125,0.5924,0.9569,0.0766,0.0,0.125,0.125,0.0,0.625,0.0,0.125,0.0,0.0,0.0,0.0
d17c046c-52e5-5c8b-a069-172235bb457b,2,58100000,29050000,29050000,14900000,43200000,0.5322,597.5227,284.369,0.1019,2,0.5,0.2891,0.5,0.5,0.0,0.7609,1.7857,0.0533,0.0,0.0,0.0,0.0,0.0,0.0,0.0,0.0,0.5,0.5,0.0
d1b1fdfd-ace1-536a-9c51-d44a0896c9ca,6,73610000,12268333,9720000,4700000,27900000,0.6265,523.7262,132.7006,0.3487,4,0.5,0.5181,0.0,0.6667,0.3333,0.6014,1.4206,0.0391,0.0,0.0,0.0,0.1667,0.1667,0.1667,0.0,0.5,0.0,0.0,0.0
d40d88e1-3c6a-5173-bc4f-f00512c8ae9e,6,2104000000,350666667,358000000,162000000,553000000,0.5295,466.0801,33.5764,0.3918,4,0.5,0.5181,0.8333,0.1667,0.0,0.9493,1.2403,0.0673,0.0,0.0,0.0,0.0,0.1667,0.0,0.1667,0.5,0.1667,0.0,0.0
d5cb07d3-ef0b-5479-a684-223288de896d,13,464280000,35713846,13400000,4240000,128000000,1.0949,541.974,28.1774,0.7301,6,0.3077,0.6694,0.2308,0.1538,0.6154,0.5585,1.5438,0.0725,0.0,0.0,0.0,0.3077,0.3077,0.0,0.0769,0.0769,0.0769,0.0,0.1538
d7b3f6b5-4f95-5afa-9ddf-d6eec94ce96d,3,31500000,10500000,10800000,7300000,13400000,0.2514,456.8032,1.8274,0.1999,1,1.0,-0.0,0.0,0.3333,0.6667,0.3116,1.1591,0.0476,0.0,0.0,0.0,0.0,0.0,0.0,0.0,0.0,0.0,1.0,0.0
d7d6515e-c8fe-5b6c-b7ed-2369dee8a109,4,960000000,240000000,209000000,154000000,388000000,0.3828,233.5946,76.6634,0.5212,2,0.75,0.2345,1.0,0.0,0.0,0.9185,0.9056,0.0602,0.25,0.0,0.0,0.0,0.0,0.0,0.0,0.75,0.0,0.0,0.0
d88c45a8-c22f-5fb8-92e0-7006c379775d,4,82620000,20655000,16920000,6480000,42300000,0.7687,424.4059,17.4487,0.2869,3,0.5,0.4336,0.0,0.5,0.5,0.4728,1.1179,0.0521,0.0,0.0,0.0,0.25,0.5,0.0,0.0,0.25,0.0,0.0,0.0
d8b7f6a9-5f67-5988-b332-33ccb2dc98d8,4,172400000,43100000,28850000,22300000,92400000,0.5629,467.8071,46.2375,0.2603,2,0.75,0.2345,0.25,0.75,0.0,0.8696,1.5299,0.0484,0.0,0.0,0.0,0.0,0.75,0.0,0.0,0.0,0.25,0.0,0.0
d8e33127-de32-56d5-9c99-ec0a8c5c5614,6,271780000,45296667,31100000,7580000,110000000,0.9018,239.7161,4.2154,0.7618,4,0.3333,0.5545,0.1667,0.5,0.3333,0.5109,1.3068,0.0928,0.0,0.0,0.0,0.0,0.3333,0.0,0.1667,0.3333,0.1667,0.0,0.0
dac1cb0f-4a65-597b-a984-9970dda3e70e,20,840190000,42009500,37000000,5190000,108000000,0.7039,595.0947,9.0023,1.0229,7,0.55,0.6017,0.2,0.65,0.15,0.5272,1.3317,0.0662,0.0,0.05,0.0,0.05,0.55,0.05,0.15,0.0,0.0,0.1,0.05
e0627b49-ed43-537c-b7b3-7f3d6c5c4ff3,3,233800000,77933333,61800000,19000000,153000000,0.854,682.0117,189.3423,0.1339,3,0.3333,0.4582,0.3333,0.3333,0.3333,0.6594,1.0544,0.0157,0.0,0.0,0.0,0.3333,0.0,0.0,0.3333,0.3333,0.0,0.0,0.0
e1b49a89-7c6d-56bf-a382-7777e54336b5,2,6060000,3030000,3030000,2770000,3290000,0.086,697.9612,63.0342,0.0872,1,1.0,-0.0,0.0,0.0,1.0,0.4239,2.125,0.0354,0.0,0.0,0.0,0.0,1.0,0.0,0.0,0.0,0.0,0.0,0.0
e202f1c8-c8f5-564c-9c97-af7d4d524141,9,640300000,71144444,39900000,23200000,190000000,0.6721,239.7869,37.3386,1.1424,4,0.5556,0.4792,0.5556,0.4444,0.0,0.8043,1.2208,0.0547,0.0,0.0,0.1111,0.1111,0.5556,0.0,0.0,0.0,0.2222,0.0,0.0
e3718b03-db4a-553e-b46c-45f57caa0061,6,888600000,148100000,159500000,91900000,194000000,0.2998,588.2288,38.9755,0.3105,2,0.8333,0.1879,0.8333,0.1667,0.0,0.6957,1.1422,0.0368,0.0,0.0,0.0,0.0,0.8333,0.0,0.0,0.0,0.0,0.0,0.1667
e50a3997-254d-5fc5-b387-cab444d77739,4,187500000,46875000,23900000,10700000,129000000,0.9544,384.3607,22.3344,0.3168,3,0.5,0.4336,0.25,0.5,0.25,0.5054,2.5208,0.0758,0.0,0.0,0.0,0.0,0.25,0.0,0.0,0.0,0.5,0.25,0.0
e5e5eb9a-9860-5a17-a97b-9f9dfd82e386,7,502600000,71800000,57900000,24200000,113000000,0.5142,624.7872,99.2883,0.341,6,0.2857,0.7289,0.5714,0.4286,0.0,0.7795,1.3194,0.0601,0.1429,0.0,0.1429,0.0,0.1429,0.0,0.1429,0.2857,0.1429,0.0,0.0
e69f25d4-db0e-5769-abb3-02218d82888c,23,660750000,28728261,25200000,3820000,62800000,0.7869,273.1875,7.4687,2.5626,5,0.3913,0.6284,0.087,0.7826,0.1304,0.6304,1.2189,0.0566,0.1304,0.1739,0.0,0.0,0.1304,0.0,0.0,0.0,0.3913,0.1739,0.0
e85971e4-3225-5d5a-a717-ec6494f3ea35,6,156660000,26110000,20050000,8860000,59800000,0.6022,262.7702,82.1212,0.695,4,0.3333,0.5545,0.1667,0.8333,0.0,0.6739,1.0928,0.0431,0.0,0.0,0.0,0.0,0.3333,0.3333,0.0,0.1667,0.1667,0.0,0.0
e8dfeec7-59ec-5b0a-937d-9d32d5ce89e3,2,528000000,264000000,264000000,208000000,320000000,0.2154,619.5836,46.9787,0.0983,1,1.0,-0.0,1.0,0.0,0.0,0.5217,1.4118,0.0772,0.0,0.0,0.0,0.0,1.0,0.0,0.0,0.0,0.0,0.0,0.0
ea2dd656-db8e-51fd-80d2-89b29fa3e2e6,7,409400000,58485714,29000000,7400000,162000000,1.1159,204.4008,42.8316,1.0424,5,0.2857,0.6463,0.2857,0.4286,0.2857,0.6553,1.2002,0.0619,0.0,0.0,0.0,0.1429,0.1429,0.0,0.0,0.2857,0.1429,0.2857,0.0
eb1d1455-54ab-59dd-b1a7-8bcffaffe2b4,7,189870000,27124286,22800000,5470000,55400000,0.7123,549.3669,17.4343,0.3878,4,0.2857,0.5637,0.0,0.8571,0.1429,0.5186,1.1665,0.0561,0.1429,0.0,0.0,0.0,0.2857,0.0,0.0,0.0,0.2857,0.2857,0.0
edd6e8e8-1db3-5862-adfd-5e605be7c828,7,248100000,35442857,25400000,14700000,78300000,0.5454,712.5424,139.5789,0.299,7,0.1429,0.8115,0.2857,0.5714,0.1429,0.677,1.5788,0.0764,0.1429,0.0,0.0,0.1429,0.1429,0.1429,0.1429,0.0,0.0,0.1429,0.1429
ef0356dd-87e1-5984-b1be-132117550930,5,293500000,58700000,54000000,13400000,98600000,0.7595,576.4787,63.5735,0.264,3,0.4,0.4399,0.6,0.4,0.0,0.7217,1.5542,0.0766,0.0,0.4,0.0,0.0,0.4,0.0,0.0,0.0,0.2,0.0,0.0
f0f5f5df-392d-5d84-b371-fe82af30c664,8,431200000,53900000,51300000,17600000,95200000,0.5909,257.1081,49.162,0.9471,3,0.75,0.3068,0.125,0.875,0.0,0.7418,1.9399,0.0371,0.125,0.75,0.0,0.0,0.125,0.0,0.0,0.0,0.0,0.0,0.0
f1527868-08c6-59b1-b743-9e223ef23330,5,53410000,10682000,9470000,6860000,16700000,0.353,254.3664,25.2482,0.5983,4,0.4,0.5556,0.0,0.2,0.8,0.2478,1.2508,0.0384,0.2,0.0,0.0,0.4,0.2,0.0,0.0,0.0,0.2,0.0,0.0
f19f9cad-ffaf-5bd8-bd36-a8d5ee568767,6,92000000,15333333,12600000,6430000,33300000,0.5802,561.7365,168.2203,0.3251,4,0.5,0.5181,0.0,0.5,0.5,0.4746,1.5444,0.0788,0.0,0.0,0.0,0.0,0.1667,0.1667,0.0,0.0,0.5,0.0,0.1667
f371b0b4-0b9c-573f-9846-46858beb720a,1,135000000,135000000,135000000,135000000,135000000,0.0,400.0875,192.0838,0.0761,1,1.0,-0.0,1.0,0.0,0.0,0.9348,5.2,0.0357,0.0,0.0,0.0,0.0,0.0,0.0,0.0,0.0,0.0,0.0,1.0
f4866536-8efc-5194-8660-f5dd0e4c35f1,7,386100000,55157143,41100000,15100000,163000000,0.6605,629.5576,36.2858,0.3384,3,0.7143,0.3321,0.1429,0.8571,0.0,0.587,1.3812,0.0664,0.0,0.0,0.0,0.1429,0.7143,0.0,0.0,0.1429,0.0,0.0,0.0
f625153e-a631-5477-afc5-ce1bf32872fe,10,415490000,41549000,34650000,4690000,126000000,0.9149,576.6042,20.9388,0.5279,5,0.4,0.6134,0.3,0.5,0.2,0.7109,1.2216,0.0631,0.2,0.1,0.0,0.2,0.0,0.0,0.0,0.4,0.0,0.1,0.0
f6c35744-f8c6-5fce-b0ed-c49ea35ae327,7,253100000,36157143,38300000,3200000,97300000,1.0127,610.5027,266.8986,0.349,5,0.2857,0.6463,0.2857,0.5714,0.1429,0.6522,0.9887,0.0634,0.0,0.1429,0.0,0.0,0.2857,0.1429,0.0,0.1429,0.2857,0.0,0.0
f95934b7-8c9e-541e-aff7-bfe0cd54a817,2,260000000,130000000,130000000,107000000,153000000,0.1788,297.4189,13.1685,0.2047,1,1.0,-0.0,1.0,0.0,0.0,0.6848,1.2294,0.1042,0.0,0.0,0.0,0.0,1.0,0.0,0.0,0.0,0.0,0.0,0.0
fb013d36-9c41-5e52-bdc0-e73dd7fc107c,6,49730000,8288333,8025000,6700000,11000000,0.1694,312.8295,105.476,0.5838,5,0.3333,0.6509,0.0,0.1667,0.8333,0.192,0.6452,0.0794,0.1667,0.0,0.0,0.0,0.1667,0.1667,0.0,0.1667,0.3333,0.0,0.0
fb502761-5596-5e07-ba87-efe51a13fbb9,9,406300000,45144444,43300000,12200000,113000000,0.7168,325.0091,2.8519,0.8429,6,0.2222,0.7236,0.4444,0.3333,0.2222,0.6498,1.1259,0.0526,0.0,0.1111,0.0,0.1111,0.2222,0.0,0.0,0.0,0.2222,0.1111,0.2222
fb69b1d7-f311-5f7f-a460-2cfab849379f,3,431400000,143800000,132000000,53400000,246000000,0.6272,495.7753,9.5516,0.1842,2,0.6667,0.2654,0.6667,0.3333,0.0,0.8188,1.3333,0.0853,0.0,0.0,0.0,0.0,0.6667,0.0,0.0,0.3333,0.0,0.0,0.0
fc4da2d0-8d87-5205-aaa9-4ebe75859f3d,3,356000000,118666667,119000000,109000000,128000000,0.0657,619.612,144.3927,0.1474,1,1.0,-0.0,1.0,0.0,0.0,0.9638,1.3365,0.0344,0.0,0.0,0.0,0.0,0.0,0.0,0.0,1.0,0.0,0.0,0.0
fdf6aa1c-ef4c-51c5-80c3-15a6df7ea57c,7,696700000,99528571,95300000,19000000,193000000,0.705,300.1511,14.9239,0.7099,1,1.0,-0.0,0.7143,0.2857,0.0,0.8789,1.0497,0.0664,0.0,0.0,0.0,0.0,0.0,0.0,0.0,0.0,1.0,0.0,0.0
