kolektor_id,segmen_asli
1796add4-4e28-52d8-8d47-236c91bfbb59,pengikut_tren
78313e7d-68ff-5703-9245-2cfaee6439ed,pemula_hemat
9f622511-dc95-5f40-932f-4084d772d648,menengah_aktif
87c5ecb9-dcb5-5270-9095-84661e8899cd,menengah_aktif
e3718b03-db4a-553e-b46c-45f57caa0061,premium_selektif
bbf1bb4d-da5e-5b73-9d8f-a77f234626af,menengah_aktif
f371b0b4-0b9c-573f-9846-46858beb720a,premium_selektif
5e998efc-04c6-5544-914b-bfe322536fbc,pemula_hemat
45eeb1ae-c130-5872-b1d9-8041abc064f6,pemula_hemat
e5e5eb9a-9860-5a17-a97b-9f9dfd82e386,menengah_aktif
788677ac-73c2-5563-a331-b3e7bdad68a9,pemula_hemat
0d183f9b-5c2d-50cd-a21b-7a4ff5175951,pengikut_tren
2018a5c1-d714-585e-bb52-6832118f2741,spesialis_aliran
1abd8d19-9a49-5833-aba9-6f3a70b537f2,pemula_hemat
58f42b9d-4015-51fe-8410-cefbda4f365f,menengah_aktif
7cb4d2fb-3679-51b5-8896-f934faf8254c,pengikut_tren
47912d25-6df1-5389-996c-63b4a12b0891,menengah_aktif
d7b3f6b5-4f95-5afa-9ddf-d6eec94ce96d,menengah_aktif
c6259694-efa2-59da-af12-3baae1b19e5c,pengikut_tren
c1701bf2-a325-587f-9e7b-7fe7e0351aec,pemula_hemat
f4866536-8efc-5194-8660-f5dd0e4c35f1,spesialis_aliran
a493392b-9bbc-58d0-8311-0ac95fc74fd0,pemula_hemat
b1c9bddf-2355-539f-b671-0d3f392cab36,pemula_hemat
31d4f930-e4c5-51da-9bed-84c4ed9e926a,menengah_aktif
1adc9f82-4a01-59e0-8c98-354a24559f3e,menengah_aktif
1ce43ec5-d4d8-5876-b70b-a8604b35b51c,menengah_aktif
82c2f17c-35d3-54f1-aebf-a42481a257ca,menengah_aktif
edd6e8e8-1db3-5862-adfd-5e605be7c828,pengikut_tren
fb502761-5596-5e07-ba87-efe51a13fbb9,menengah_aktif
d1b1fdfd-ace1-536a-9c51-d44a0896c9ca,pemula_hemat
181d5eaa-4366-5aee-8dec-bd0fccfb583a,spesialis_aliran
282a5b11-5c97-5686-be7a-dafa471ce36c,spesialis_aliran
a2ee3505-1898-5fa4-a468-f5f9c6772028,pemula_hemat
c11f3e8a-99bb-5153-885e-7646661cf764,pemula_hemat
5c3826f0-492a-5274-a17f-b749a6e3ac8a,pengikut_tren
be4b0a7a-9024-5d01-9efd-04a32d568f07,pemula_hemat
45cbeb45-e7a8-5400-bd5f-3716602d0b11,spesialis_aliran
8ff05a10-8614-5a15-9c42-86ff10200f89,pengikut_tren
6f2b0b05-c566-578e-9ecf-c28242dee719,spesialis_aliran
7583df8a-98f3-56dd-a57a-0d891d4f929f,menengah_aktif
2426b20b-036f-5f04-b2c1-72ba60a63b7d,pemula_hemat
cfcc9f80-a229-5abc-867d-47a8c6e6592e,menengah_aktif
67a2d7e0-e408-5234-b2a7-fbc7a2fa188e,pemula_hemat
d8b7f6a9-5f67-5988-b332-33ccb2dc98d8,pengikut_tren
f19f9cad-ffaf-5bd8-bd36-a8d5ee568767,pemula_hemat
abe2101b-194e-5e3b-baaf-08e8968b9850,pemula_hemat
fb69b1d7-f311-5f7f-a460-2cfab849379f,premium_selektif
d8e33127-de32-56d5-9c99-ec0a8c5c5614,pengikut_tren
38acfa2d-85ab-5007-8e53-d7fbf0a35a8d,menengah_aktif
96d805da-4016-5aad-9187-6ce1aba206b1,premium_selektif
c95ec7ea-92a7-513e-b0f2-1da5e321bded,menengah_aktif
9c4af862-0b35-5bbf-aba9-928990d127fe,premium_selektif
c20dda97-37cd-5f2d-9c16-970d5069464f,pemula_hemat
5bd8431b-e2d7-592a-8a4b-dcaa250cc2cd,pemula_hemat
8ffa5b86-7270-5fc0-bf1c-5b43800acac3,menengah_aktif
9977cbaa-9155-5efa-8f3c-e787d7dddc25,premium_selektif
d88c45a8-c22f-5fb8-92e0-7006c379775d,menengah_aktif
e50a3997-254d-5fc5-b387-cab444d77739,menengah_aktif
00e89bde-5798-59e7-81bb-02b0f7987743,premium_selektif
9aa3bd69-c459-515c-ba8f-b408ef95a728,pemula_hemat
8027957b-7b93-5032-915c-3cbd4142f8a8,menengah_aktif
0fb9478f-5318-5993-a4e3-03075a05174d,menengah_aktif
8ea2fbac-fba1-546b-8c7e-d8ffacc66fa3,menengah_aktif
c88e7fc5-2c1f-5020-b5a7-880431b07355,pemula_hemat
4c651658-1bd6-5988-bfa3-b4edb56a667a,premium_selektif
707728ca-a796-5849-83ff-74af4dd9b3ff,menengah_aktif
969ea2f4-2a3c-52ed-9972-6aff0a5d073e,pengikut_tren
179a2581-11cb-5dd1-af30-697a9f725e91,premium_selektif
48180fc1-da24-5b0e-8a7a-53d33df05326,pemula_hemat
68e8cbbb-da04-5541-862e-e1e28cf5c347,pemula_hemat
345cb69c-015f-5520-bf83-ec8b1bf93812,menengah_aktif
4e5749fa-1d58-58e8-b68a-db3089c84b49,pemula_hemat
5cb7773c-211a-5d9c-819a-e30bc06bc3ee,spesialis_aliran
225ce8d4-bb94-5860-a0a7-05d0601ad6cf,spesialis_aliran
2849d62d-d267-52f6-ae18-fa6e10b67d58,menengah_aktif
4a0ab876-f5c1-5e6b-930d-5530936fa7d5,menengah_aktif
d17c046c-52e5-5c8b-a069-172235bb457b,menengah_aktif
ae9a0e88-72e5-5523-b081-7fbc68880af7,pemula_hemat
44a122eb-e50e-5601-bb59-90f5725f35c4,pemula_hemat
b90a6efe-9834-540f-bbdd-1c6bab40f04a,menengah_aktif
1d816192-26de-5c28-99a7-793dfd023ff8,menengah_aktif
87bf1596-15f4-52d5-95c9-43647331c2f3,pengikut_tren
acf13e93-9c02-5953-af7b-9e0867f09454,premium_selektif
4d92d705-4df8-5043-9e02-eb1038c10658,pemula_hemat
f95934b7-8c9e-541e-aff7-bfe0cd54a817,spesialis_aliran
9d360ee0-0088-5658-a8d1-0db5083b94f7,menengah_aktif
ce7d11b4-b434-57d4-a507-54d40c8eb223,premium_selektif
9d8ddd11-a801-58bc-9aaa-664e027e1f0a,menengah_aktif
f6c35744-f8c6-5fce-b0ed-c49ea35ae327,pengikut_tren
a0c9e075-3c1c-5be0-aa5c-9c55c32e3b33,premium_selektif
5aaedc22-3a57-56fe-afc2-35293cd5b01a,menengah_aktif
546965ee-d8ae-5195-ac49-c2d0521933fa,premium_selektif
914cb54d-8dc4-55e6-9bba-447bf30c7df3,menengah_aktif
509ff7d1-c1b7-532b-b451-eb13d4d19087,pemula_hemat
7f25976e-29ea-5014-ba41-8f61f001af2d,menengah_aktif
06774145-5f78-5cfa-93ec-719bb9cce7d4,pemula_hemat
e1b49a89-7c6d-56bf-a382-7777e54336b5,pemula_hemat
03397d72-03b1-59c3-865b-c50062422b90,spesialis_aliran
6f338842-5807-511a-8b0f-216469d03cb4,premium_selektif
83333cf0-523d-5361-94bd-c5d79ea72d30,pengikut_tren
7826a75f-b01b-5b15-8090-950a730170ee,pemula_hemat
8ad954bc-1b99-5407-973d-73554444435a,menengah_aktif
9f9080b9-7195-5910-8532-44b6139f476e,spesialis_aliran
08bfd8c9-9c9a-5fe7-9381-ba6e7679d814,pengikut_tren
9a779412-e497-579b-8d83-f9ab37185061,menengah_aktif
eb1d1455-54ab-59dd-b1a7-8bcffaffe2b4,pengikut_tren
4e3ced83-fd56-55fd-abd7-47be78725639,pemula_hemat
028762f8-d024-5dc2-9c0d-7884b2807dc5,pemula_hemat
4e10f433-6104-54e3-bdda-547a8530d03b,pengikut_tren
e202f1c8-c8f5-564c-9c97-af7d4d524141,menengah_aktif
9e764bb8-a7de-565b-b008-4ab804012d64,spesialis_aliran
3227257d-7266-599b-b2b0-6dfa5ee81df5,menengah_aktif
fdf6aa1c-ef4c-51c5-80c3-15a6df7ea57c,spesialis_aliran
3be1e571-daec-5866-82bf-9bb952bce71b,pemula_hemat
8f2d1c90-b967-5b2f-95ac-e3ad4ba706a3,menengah_aktif
cb68b468-58e2-5344-9336-c3ea8f529a6d,pemula_hemat
7dd9860e-b390-50c5-899d-08c943295c11,menengah_aktif
fc4da2d0-8d87-5205-aaa9-4ebe75859f3d,premium_selektif
5e836647-71e8-5142-aaab-f158e91ead18,premium_selektif
32db13d2-219b-51ce-9f01-b6e1be1702ce,menengah_aktif
1aae0750-4c8f-5879-8b25-ec14e411b5ed,premium_selektif
9c6e09a0-2346-5608-ba26-22aa33f52834,menengah_aktif
e0627b49-ed43-537c-b7b3-7f3d6c5c4ff3,spesialis_aliran
bfedcb39-8cfe-5eea-91f2-43a30581ac27,spesialis_aliran
91208491-af2c-5360-b7a5-93ffd255697d,spesialis_aliran
d10b4e12-8728-5b1b-98cf-9eb8c29367c5,menengah_aktif
130ec63c-8ce6-5e6d-9a74-9ac7ba68756a,pengikut_tren
247281d2-7eb2-5256-af64-c4f7968da59d,pemula_hemat
e69f25d4-db0e-5769-abb3-02218d82888c,menengah_aktif
43e43bc7-da18-5ea2-8732-6d0f1a2ceff3,menengah_aktif
4ed5288c-a104-5753-982d-16b46a560585,pemula_hemat
aff844a9-441c-5139-8580-f9e7608f9e5c,menengah_aktif
48515244-c393-5b36-a148-4688976b9626,pemula_hemat
56106975-37fe-55fe-a6fd-24180e933953,pengikut_tren
ab0a5d93-6d62-5a71-8bed-671920b3abca,premium_selektif
d40d88e1-3c6a-5173-bc4f-f00512c8ae9e,premium_selektif
9144077e-2a07-55b3-bcf2-4c054eb2d349,pengikut_tren
12ee4118-a9de-5537-a1ec-80bcdd910cb7,pemula_hemat
8623984d-842f-570f-85ac-09bcb15b3953,menengah_aktif
e85971e4-3225-5d5a-a717-ec6494f3ea35,pengikut_tren
20c215f6-dead-53da-9e03-a4122e455668,pengikut_tren
275fa008-4c0a-5ffd-a05f-04d3a2e036ae,pemula_hemat
081b5dc5-350a-5404-a193-831d12d55219,pemula_hemat
1ae98ad4-8b69-57ac-8937-47e2a8df176f,menengah_aktif
0b0493f3-0689-5073-9e9d-268e7130874a,premium_selektif
c0ca208a-f711-5c22-95e7-6eaa871f2f38,pemula_hemat
dac1cb0f-4a65-597b-a984-9970dda3e70e,menengah_aktif
52eb5e38-9a88-5ab0-b251-16ec53ce59fa,pemula_hemat
9e09a6df-081c-5378-9fe5-48b677ed79d0,spesialis_aliran
d087854d-40ba-50b7-8077-65bf58aaecfc,premium_selektif
a0e727f2-1e54-59ea-8659-39e42162df5c,pemula_hemat
011feb48-c737-5110-960a-1bf912d84b37,menengah_aktif
cab8359d-bf2b-5fd5-ae41-0788100e71b5,pengikut_tren
598cdc17-1229-5d55-8f09-5780909cb63f,menengah_aktif
915218bb-3657-5a11-bfd2-7d216c02e86d,pemula_hemat
0fcdaaab-0983-523a-8e1e-1c48f8e127cd,pemula_hemat
7b4d85c8-868f-5ea4-8316-f36e9a7e06c4,menengah_aktif
b4e13e44-297b-50b1-9462-4de4a9df9d7c,pemula_hemat
4d585877-2c17-5012-8f6e-09593a947064,spesialis_aliran
f1527868-08c6-59b1-b743-9e223ef23330,pemula_hemat
93c33139-3007-5725-9eff-41db7823137a,spesialis_aliran
f625153e-a631-5477-afc5-ce1bf32872fe,pengikut_tren
04192cbc-635a-5fd1-9d46-7902f07963b7,pemula_hemat
66a4e198-2582-5bd6-888f-e2530da725b8,pemula_hemat
adf570fb-d074-553c-b198-c922b7051759,premium_selektif
44172e1c-bd66-55ba-b447-447aada11fc6,spesialis_aliran
062a4862-1aa8-5f83-a05d-cb5691e47676,pemula_hemat
fb013d36-9c41-5e52-bdc0-e73dd7fc107c,pemula_hemat
d7d6515e-c8fe-5b6c-b7ed-2369dee8a109,premium_selektif
95158fe7-2d9c-5d33-bb80-597ad6f20eff,pengikut_tren
4afba102-2377-5929-b170-70f6cfa4bfea,menengah_aktif
3166d28b-1835-5ff7-b779-284ed64d43cb,pemula_hemat
3f72fc19-b9dc-5bb0-ad67-00f830f1402d,menengah_aktif
27dd3660-106b-59e6-9c54-c48da27e9016,pengikut_tren
896ebace-7864-5a80-a32d-10a7f036dbcc,menengah_aktif
1cb99939-551d-541a-beb7-94dd38e8e976,menengah_aktif
45fe3c4c-a4b2-522f-99e9-6dab132798c3,pengikut_tren
d5cb07d3-ef0b-5479-a684-223288de896d,pengikut_tren
2ef7761d-6de4-5de7-b1c2-3d05a921b80b,menengah_aktif
d0f53cba-fee4-5de9-b2e9-86e357a6ef88,pemula_hemat
1300d8c2-f127-540c-9bf8-d3c4f74f741d,spesialis_aliran
b5db4183-0a3f-5b2a-be82-4d84565595b8,pengikut_tren
bb3ffa0f-14da-55eb-a57f-c2df04802686,menengah_aktif
632614bc-8273-554c-b000-ee62113bcda6,pemula_hemat
2d5f7b0c-20e4-5e20-a6f3-9d40a681ccd9,spesialis_aliran
794a1ad7-3dcb-5e01-ab47-663d34cadb1c,spesialis_aliran
474eb440-5a37-5ffd-8f99-dfca5ca49d78,spesialis_aliran
0cb0537b-f5e1-5f33-9483-09c1975d23fc,pemula_hemat
18188d25-bf5b-53cd-9e1e-ae24e999923a,menengah_aktif
ea2dd656-db8e-51fd-80d2-89b29fa3e2e6,pengikut_tren
4a86e14c-2bce-553a-881e-a2576058b102,pengikut_tren
ef0356dd-87e1-5984-b1be-132117550930,spesialis_aliran
e8dfeec7-59ec-5b0a-937d-9d32d5ce89e3,premium_selektif
c07dad9e-28c6-5d39-9bdc-f772ec3b500f,menengah_aktif
f0f5f5df-392d-5d84-b371-fe82af30c664,spesialis_aliran
9ac8c76a-dfc6-520e-a4a3-166478ef223e,premium_selektif
c8216a19-2bc6-52cf-9503-71618f90f5b4,pengikut_tren
0f0b75b9-0a40-5393-8a6d-01dbe02c9029,menengah_aktif
c8e879de-ae8a-5281-9175-608f3e2f7300,spesialis_aliran
75305bd7-d03a-5c27-9008-2b56dbe975bd,pengikut_tren
