seniman_id,bulan,n_terjual,omzet_idr,komisi_platform_idr,pendapatan_bersih_idr,harga_rata2_idr,harga_maks_idr,n_pembeli_unik,gaya_terlaris
04432a0f-51e1-5293-a8dc-89755e574853,2024-11-01,1,25500000,2550000,22950000,25500000,25500000,1,Impressionism
04432a0f-51e1-5293-a8dc-89755e574853,2025-02-01,2,74600000,7460000,67140000,37300000,48900000,2,Impressionism
04432a0f-51e1-5293-a8dc-89755e574853,2025-04-01,1,46300000,4630000,41670000,46300000,46300000,1,Impressionism
04432a0f-51e1-5293-a8dc-89755e574853,2025-05-01,1,23300000,2330000,20970000,23300000,23300000,1,Impressionism
04432a0f-51e1-5293-a8dc-89755e574853,2025-06-01,3,98200000,9820000,88380000,32733333,34600000,2,Impressionism
04432a0f-51e1-5293-a8dc-89755e574853,2025-07-01,3,146400000,14640000,131760000,48800000,66400000,3,Impressionism
04432a0f-51e1-5293-a8dc-89755e574853,2025-08-01,3,63500000,6350000,57150000,21166667,22900000,3,Impressionism
04432a0f-51e1-5293-a8dc-89755e574853,2025-09-01,2,69500000,6950000,62550000,34750000,42300000,2,Impressionism
04432a0f-51e1-5293-a8dc-89755e574853,2025-10-01,3,93500000,9350000,84150000,31166667,38300000,3,Impressionism
04432a0f-51e1-5293-a8dc-89755e574853,2025-11-01,1,16100000,1610000,14490000,16100000,16100000,1,Impressionism
04432a0f-51e1-5293-a8dc-89755e574853,2025-12-01,1,43400000,4340000,39060000,43400000,43400000,1,Impressionism
04432a0f-51e1-5293-a8dc-89755e574853,2026-01-01,2,119500000,11950000,107550000,59750000,61100000,2,Impressionism
04432a0f-51e1-5293-a8dc-89755e574853,2026-02-01,2,84500000,8450000,76050000,42250000,61200000,2,Impressionism
04432a0f-51e1-5293-a8dc-89755e574853,2026-03-01,6,243200000,24320000,218880000,40533333,70800000,6,Impressionism
04432a0f-51e1-5293-a8dc-89755e574853,2026-04-01,2,78900000,7890000,71010000,39450000,44700000,1,Impressionism
04432a0f-51e1-5293-a8dc-89755e574853,2026-05-01,7,311400000,31140000,280260000,44485714,98300000,7,Impressionism
04432a0f-51e1-5293-a8dc-89755e574853,2026-06-01,7,358000000,35800000,322200000,51142857,80600000,7,Impressionism
04432a0f-51e1-5293-a8dc-89755e574853,2026-07-01,7,318200000,31820000,286380000,45457143,80800000,7,Impressionism
04432a0f-51e1-5293-a8dc-89755e574853,2026-08-01,9,312200000,31220000,280980000,34688889,55600000,9,Impressionism
04432a0f-51e1-5293-a8dc-89755e574853,2026-09-01,7,242100000,24210000,217890000,34585714,82900000,7,Impressionism
1d25dbba-d1e1-5b79-bb67-3d22aced6cb8,2025-01-01,1,5840000,584000,5256000,5840000,5840000,1,Realism
1d25dbba-d1e1-5b79-bb67-3d22aced6cb8,2025-06-01,1,5870000,587000,5283000,5870000,5870000,1,Realism
1d25dbba-d1e1-5b79-bb67-3d22aced6cb8,2025-07-01,1,3450000,345000,3105000,3450000,3450000,1,Realism
1d25dbba-d1e1-5b79-bb67-3d22aced6cb8,2025-08-01,2,15030000,1503000,13527000,7515000,8600000,2,Realism
1d25dbba-d1e1-5b79-bb67-3d22aced6cb8,2025-10-01,1,14600000,1460000,13140000,14600000,14600000,1,Realism
1d25dbba-d1e1-5b79-bb67-3d22aced6cb8,2025-11-01,2,21730000,2173000,19557000,10865000,14000000,2,Realism
1d25dbba-d1e1-5b79-bb67-3d22aced6cb8,2025-12-01,1,11200000,1120000,10080000,11200000,11200000,1,Realism
1d25dbba-d1e1-5b79-bb67-3d22aced6cb8,2026-01-01,1,6690000,669000,6021000,6690000,6690000,1,Realism
1d25dbba-d1e1-5b79-bb67-3d22aced6cb8,2026-03-01,3,25670000,2567000,23103000,8556667,11500000,3,Realism
1d25dbba-d1e1-5b79-bb67-3d22aced6cb8,2026-04-01,2,17970000,1797000,16173000,8985000,10400000,2,Realism
1d25dbba-d1e1-5b79-bb67-3d22aced6cb8,2026-06-01,1,21700000,2170000,19530000,21700000,21700000,1,Realism
1d25dbba-d1e1-5b79-bb67-3d22aced6cb8,2026-07-01,5,49930000,4993000,44937000,9986000,21600000,5,Realism
1d25dbba-d1e1-5b79-bb67-3d22aced6cb8,2026-08-01,7,68150000,6815000,61335000,9735714,20400000,7,Realism
1d25dbba-d1e1-5b79-bb67-3d22aced6cb8,2026-09-01,3,41940000,4194000,37746000,13980000,22700000,3,Realism
1d876d41-bc7a-55ee-91cf-65ffb2a4048b,2025-02-01,1,71100000,7110000,63990000,71100000,71100000,1,Impressionism
1d876d41-bc7a-55ee-91cf-65ffb2a4048b,2025-03-01,1,56700000,5670000,51030000,56700000,56700000,1,Impressionism
1d876d41-bc7a-55ee-91cf-65ffb2a4048b,2025-07-01,2,93200000,9320000,83880000,46600000,57600000,2,Impressionism
1d876d41-bc7a-55ee-91cf-65ffb2a4048b,2025-09-01,1,52400000,5240000,47160000,52400000,52400000,1,Impressionism
1d876d41-bc7a-55ee-91cf-65ffb2a4048b,2025-10-01,3,86400000,8640000,77760000,28800000,38800000,3,Impressionism
1d876d41-bc7a-55ee-91cf-65ffb2a4048b,2025-11-01,5,471600000,47160000,424440000,94320000,165000000,5,Impressionism
1d876d41-bc7a-55ee-91cf-65ffb2a4048b,2025-12-01,1,38300000,3830000,34470000,38300000,38300000,1,Impressionism
1d876d41-bc7a-55ee-91cf-65ffb2a4048b,2026-01-01,7,411600000,41160000,370440000,58800000,78000000,7,Impressionism
1d876d41-bc7a-55ee-91cf-65ffb2a4048b,2026-02-01,9,529500000,52950000,476550000,58833333,98600000,8,Impressionism
1d876d41-bc7a-55ee-91cf-65ffb2a4048b,2026-03-01,7,547400000,54740000,492660000,78200000,140000000,6,Impressionism
1d876d41-bc7a-55ee-91cf-65ffb2a4048b,2026-04-01,1,70300000,7030000,63270000,70300000,70300000,1,Impressionism
1d876d41-bc7a-55ee-91cf-65ffb2a4048b,2026-05-01,6,423100000,42310000,380790000,70516667,97500000,6,Impressionism
1d876d41-bc7a-55ee-91cf-65ffb2a4048b,2026-06-01,12,796600000,79660000,716940000,66383333,120000000,12,Impressionism
1d876d41-bc7a-55ee-91cf-65ffb2a4048b,2026-07-01,7,687100000,68710000,618390000,98157143,276000000,7,Impressionism
1d876d41-bc7a-55ee-91cf-65ffb2a4048b,2026-08-01,6,497900000,49790000,448110000,82983333,136000000,6,Impressionism
1d876d41-bc7a-55ee-91cf-65ffb2a4048b,2026-09-01,6,624000000,62400000,561600000,104000000,174000000,6,Impressionism
21a4ae7e-8f05-5294-9e2d-32d96779246e,2025-09-01,1,8320000,832000,7488000,8320000,8320000,1,Realism
21a4ae7e-8f05-5294-9e2d-32d96779246e,2025-10-01,1,9820000,982000,8838000,9820000,9820000,1,Realism
21a4ae7e-8f05-5294-9e2d-32d96779246e,2025-11-01,1,2850000,285000,2565000,2850000,2850000,1,Realism
21a4ae7e-8f05-5294-9e2d-32d96779246e,2025-12-01,1,7070000,707000,6363000,7070000,7070000,1,Realism
21a4ae7e-8f05-5294-9e2d-32d96779246e,2026-01-01,3,18110000,1811000,16299000,6036667,9630000,3,Realism
21a4ae7e-8f05-5294-9e2d-32d96779246e,2026-03-01,4,21140000,2114000,19026000,5285000,8200000,4,Realism
21a4ae7e-8f05-5294-9e2d-32d96779246e,2026-04-01,2,12640000,1264000,11376000,6320000,7370000,2,Realism
21a4ae7e-8f05-5294-9e2d-32d96779246e,2026-05-01,2,17240000,1724000,15516000,8620000,11000000,2,Realism
21a4ae7e-8f05-5294-9e2d-32d96779246e,2026-06-01,3,28450000,2845000,25605000,9483333,13500000,3,Realism
21a4ae7e-8f05-5294-9e2d-32d96779246e,2026-07-01,6,35160000,3516000,31644000,5860000,8920000,6,Realism
21a4ae7e-8f05-5294-9e2d-32d96779246e,2026-09-01,3,26670000,2667000,24003000,8890000,12700000,3,Realism
23ba78b5-421a-5447-b022-5a66fe8d084d,2025-04-01,1,7210000,721000,6489000,7210000,7210000,1,Naive_Art_Primitivism
23ba78b5-421a-5447-b022-5a66fe8d084d,2025-05-01,1,13500000,1350000,12150000,13500000,13500000,1,Cubism
23ba78b5-421a-5447-b022-5a66fe8d084d,2025-06-01,1,1530000,153000,1377000,1530000,1530000,1,Symbolism
23ba78b5-421a-5447-b022-5a66fe8d084d,2025-07-01,1,19000000,1900000,17100000,19000000,19000000,1,Expressionism
23ba78b5-421a-5447-b022-5a66fe8d084d,2025-08-01,1,2180000,218000,1962000,2180000,2180000,1,Naive_Art_Primitivism
23ba78b5-421a-5447-b022-5a66fe8d084d,2025-09-01,1,3200000,320000,2880000,3200000,3200000,1,Impressionism
23ba78b5-421a-5447-b022-5a66fe8d084d,2025-11-01,1,5190000,519000,4671000,5190000,5190000,1,Symbolism
23ba78b5-421a-5447-b022-5a66fe8d084d,2025-12-01,2,14950000,1495000,13455000,7475000,9090000,2,Expressionism
23ba78b5-421a-5447-b022-5a66fe8d084d,2026-01-01,2,21680000,2168000,19512000,10840000,15200000,2,Cubism
23ba78b5-421a-5447-b022-5a66fe8d084d,2026-02-01,1,7570000,757000,6813000,7570000,7570000,1,Post_Impressionism
23ba78b5-421a-5447-b022-5a66fe8d084d,2026-03-01,4,53800000,5380000,48420000,13450000,17700000,3,Cubism
23ba78b5-421a-5447-b022-5a66fe8d084d,2026-04-01,4,57100000,5710000,51390000,14275000,21600000,4,Art_Nouveau
23ba78b5-421a-5447-b022-5a66fe8d084d,2026-05-01,4,35340000,3534000,31806000,8835000,16800000,4,Expressionism
23ba78b5-421a-5447-b022-5a66fe8d084d,2026-06-01,3,41500000,4150000,37350000,13833333,27900000,3,Cubism
23ba78b5-421a-5447-b022-5a66fe8d084d,2026-07-01,1,7840000,784000,7056000,7840000,7840000,1,Cubism
23ba78b5-421a-5447-b022-5a66fe8d084d,2026-08-01,4,62870000,6287000,56583000,15717500,35500000,4,Cubism
23ba78b5-421a-5447-b022-5a66fe8d084d,2026-09-01,2,12770000,1277000,11493000,6385000,8890000,2,Expressionism
3dbb220d-08c5-5e68-b9e9-4282c0cc891f,2025-01-01,1,26000000,2600000,23400000,26000000,26000000,1,Northern_Renaissance
3dbb220d-08c5-5e68-b9e9-4282c0cc891f,2025-03-01,1,34700000,3470000,31230000,34700000,34700000,1,Northern_Renaissance
3dbb220d-08c5-5e68-b9e9-4282c0cc891f,2025-05-01,1,58400000,5840000,52560000,58400000,58400000,1,Northern_Renaissance
3dbb220d-08c5-5e68-b9e9-4282c0cc891f,2025-06-01,1,57000000,5700000,51300000,57000000,57000000,1,Northern_Renaissance
3dbb220d-08c5-5e68-b9e9-4282c0cc891f,2025-07-01,3,197800000,19780000,178020000,65933333,98500000,3,Northern_Renaissance
3dbb220d-08c5-5e68-b9e9-4282c0cc891f,2025-08-01,4,289000000,28900000,260100000,72250000,163000000,4,Northern_Renaissance
3dbb220d-08c5-5e68-b9e9-4282c0cc891f,2025-09-01,2,72000000,7200000,64800000,36000000,53600000,2,Northern_Renaissance
3dbb220d-08c5-5e68-b9e9-4282c0cc891f,2025-10-01,2,92900000,9290000,83610000,46450000,59900000,2,Northern_Renaissance
3dbb220d-08c5-5e68-b9e9-4282c0cc891f,2025-11-01,3,188400000,18840000,169560000,62800000,76400000,3,Northern_Renaissance
3dbb220d-08c5-5e68-b9e9-4282c0cc891f,2025-12-01,4,229500000,22950000,206550000,57375000,73900000,4,Northern_Renaissance
3dbb220d-08c5-5e68-b9e9-4282c0cc891f,2026-01-01,5,381700000,38170000,343530000,76340000,111000000,4,Northern_Renaissance
3dbb220d-08c5-5e68-b9e9-4282c0cc891f,2026-02-01,1,15900000,1590000,14310000,15900000,15900000,1,Northern_Renaissance
3dbb220d-08c5-5e68-b9e9-4282c0cc891f,2026-03-01,10,431900000,43190000,388710000,43190000,84500000,9,Northern_Renaissance
3dbb220d-08c5-5e68-b9e9-4282c0cc891f,2026-04-01,6,305200000,30520000,274680000,50866667,92700000,5,Northern_Renaissance
3dbb220d-08c5-5e68-b9e9-4282c0cc891f,2026-05-01,10,350100000,35010000,315090000,35010000,61200000,9,Northern_Renaissance
3dbb220d-08c5-5e68-b9e9-4282c0cc891f,2026-06-01,9,494200000,49420000,444780000,54911111,124000000,9,Northern_Renaissance
3dbb220d-08c5-5e68-b9e9-4282c0cc891f,2026-07-01,4,243100000,24310000,218790000,60775000,109000000,4,Northern_Renaissance
3dbb220d-08c5-5e68-b9e9-4282c0cc891f,2026-08-01,8,405900000,40590000,365310000,50737500,98500000,7,Northern_Renaissance
3dbb220d-08c5-5e68-b9e9-4282c0cc891f,2026-09-01,7,203300000,20330000,182970000,29042857,41100000,7,Northern_Renaissance
3e92a01c-1f80-5c38-9903-fe409c3d5d61,2024-12-01,1,68800000,6880000,61920000,68800000,68800000,1,Impressionism
3e92a01c-1f80-5c38-9903-fe409c3d5d61,2025-02-01,1,18500000,1850000,16650000,18500000,18500000,1,Impressionism
3e92a01c-1f80-5c38-9903-fe409c3d5d61,2025-06-01,1,65100000,6510000,58590000,65100000,65100000,1,Impressionism
3e92a01c-1f80-5c38-9903-fe409c3d5d61,2025-07-01,1,23500000,2350000,21150000,23500000,23500000,1,Impressionism
3e92a01c-1f80-5c38-9903-fe409c3d5d61,2025-08-01,3,138500000,13850000,124650000,46166667,83800000,3,Impressionism
3e92a01c-1f80-5c38-9903-fe409c3d5d61,2025-09-01,1,31600000,3160000,28440000,31600000,31600000,1,Impressionism
3e92a01c-1f80-5c38-9903-fe409c3d5d61,2025-11-01,2,104200000,10420000,93780000,52100000,89100000,2,Impressionism
3e92a01c-1f80-5c38-9903-fe409c3d5d61,2025-12-01,5,205000000,20500000,184500000,41000000,55200000,5,Impressionism
3e92a01c-1f80-5c38-9903-fe409c3d5d61,2026-01-01,6,222500000,22250000,200250000,37083333,84200000,6,Impressionism
3e92a01c-1f80-5c38-9903-fe409c3d5d61,2026-02-01,7,239500000,23950000,215550000,34214286,49800000,7,Impressionism
3e92a01c-1f80-5c38-9903-fe409c3d5d61,2026-03-01,4,304300000,30430000,273870000,76075000,194000000,4,Impressionism
3e92a01c-1f80-5c38-9903-fe409c3d5d61,2026-04-01,4,137100000,13710000,123390000,34275000,46900000,4,Impressionism
3e92a01c-1f80-5c38-9903-fe409c3d5d61,2026-05-01,8,367970000,36797000,331173000,45996250,88200000,8,Impressionism
3e92a01c-1f80-5c38-9903-fe409c3d5d61,2026-06-01,8,476400000,47640000,428760000,59550000,101000000,6,Impressionism
3e92a01c-1f80-5c38-9903-fe409c3d5d61,2026-07-01,8,397400000,39740000,357660000,49675000,132000000,8,Impressionism
3e92a01c-1f80-5c38-9903-fe409c3d5d61,2026-08-01,15,798600000,79860000,718740000,53240000,95200000,13,Impressionism
3e92a01c-1f80-5c38-9903-fe409c3d5d61,2026-09-01,4,117300000,11730000,105570000,29325000,32500000,4,Impressionism
3ecb7039-f69e-55cd-869d-c7d7cf0962f6,2025-05-01,1,35300000,3530000,31770000,35300000,35300000,1,Post_Impressionism
3ecb7039-f69e-55cd-869d-c7d7cf0962f6,2025-07-01,3,112400000,11240000,101160000,37466667,42000000,3,Post_Impressionism
3ecb7039-f69e-55cd-869d-c7d7cf0962f6,2025-08-01,3,124500000,12450000,112050000,41500000,70000000,3,Cubism
3ecb7039-f69e-55cd-869d-c7d7cf0962f6,2025-09-01,2,61000000,6100000,54900000,30500000,32900000,2,Expressionism
3ecb7039-f69e-55cd-869d-c7d7cf0962f6,2025-10-01,5,157900000,15790000,142110000,31580000,53700000,5,Post_Impressionism
3ecb7039-f69e-55cd-869d-c7d7cf0962f6,2025-11-01,3,82000000,8200000,73800000,27333333,30500000,3,Realism
3ecb7039-f69e-55cd-869d-c7d7cf0962f6,2025-12-01,7,151300000,15130000,136170000,21614286,37400000,7,Post_Impressionism
3ecb7039-f69e-55cd-869d-c7d7cf0962f6,2026-01-01,8,280300000,28030000,252270000,35037500,106000000,8,Post_Impressionism
3ecb7039-f69e-55cd-869d-c7d7cf0962f6,2026-02-01,10,377700000,37770000,339930000,37770000,69600000,9,Post_Impressionism
3ecb7039-f69e-55cd-869d-c7d7cf0962f6,2026-03-01,5,187700000,18770000,168930000,37540000,56900000,5,Post_Impressionism
3ecb7039-f69e-55cd-869d-c7d7cf0962f6,2026-04-01,22,760500000,76050000,684450000,34568182,186000000,18,Post_Impressionism
3ecb7039-f69e-55cd-869d-c7d7cf0962f6,2026-05-01,10,312000000,31200000,280800000,31200000,48700000,10,Realism
3ecb7039-f69e-55cd-869d-c7d7cf0962f6,2026-06-01,12,416900000,41690000,375210000,34741667,56200000,11,Post_Impressionism
3ecb7039-f69e-55cd-869d-c7d7cf0962f6,2026-07-01,9,351300000,35130000,316170000,39033333,70500000,8,Post_Impressionism
3ecb7039-f69e-55cd-869d-c7d7cf0962f6,2026-08-01,9,422900000,42290000,380610000,46988889,117000000,8,Post_Impressionism
3ecb7039-f69e-55cd-869d-c7d7cf0962f6,2026-09-01,6,278500000,27850000,250650000,46416667,108000000,6,Post_Impressionism
51c4d53d-91bb-5b40-bf86-1f46a9aa18a6,2025-08-01,4,707000000,70700000,636300000,176750000,208000000,4,Impressionism
51c4d53d-91bb-5b40-bf86-1f46a9aa18a6,2025-09-01,3,453200000,45320000,407880000,151066667,201000000,3,Impressionism
51c4d53d-91bb-5b40-bf86-1f46a9aa18a6,2025-10-01,1,182000000,18200000,163800000,182000000,182000000,1,Impressionism
51c4d53d-91bb-5b40-bf86-1f46a9aa18a6,2025-11-01,2,457000000,45700000,411300000,228500000,246000000,2,Impressionism
51c4d53d-91bb-5b40-bf86-1f46a9aa18a6,2025-12-01,2,289000000,28900000,260100000,144500000,170000000,2,Impressionism
51c4d53d-91bb-5b40-bf86-1f46a9aa18a6,2026-01-01,6,649300000,64930000,584370000,108216667,139000000,6,Impressionism
51c4d53d-91bb-5b40-bf86-1f46a9aa18a6,2026-02-01,2,329500000,32950000,296550000,164750000,257000000,2,Impressionism
51c4d53d-91bb-5b40-bf86-1f46a9aa18a6,2026-03-01,6,775000000,77500000,697500000,129166667,186000000,6,Impressionism
51c4d53d-91bb-5b40-bf86-1f46a9aa18a6,2026-04-01,3,458000000,45800000,412200000,152666667,175000000,3,Impressionism
51c4d53d-91bb-5b40-bf86-1f46a9aa18a6,2026-05-01,6,1039400000,103940000,935460000,173233333,337000000,6,Impressionism
51c4d53d-91bb-5b40-bf86-1f46a9aa18a6,2026-06-01,5,774100000,77410000,696690000,154820000,234000000,5,Impressionism
51c4d53d-91bb-5b40-bf86-1f46a9aa18a6,2026-07-01,8,1714000000,171400000,1542600000,214250000,567000000,7,Impressionism
51c4d53d-91bb-5b40-bf86-1f46a9aa18a6,2026-08-01,11,3126000000,312600000,2813400000,284181818,815000000,9,Impressionism
51c4d53d-91bb-5b40-bf86-1f46a9aa18a6,2026-09-01,10,2007000000,200700000,1806300000,200700000,389000000,10,Impressionism
5a27ac9a-1e04-52e2-8392-12edbe43c594,2025-05-01,2,14110000,1411000,12699000,7055000,10900000,2,Impressionism
5a27ac9a-1e04-52e2-8392-12edbe43c594,2025-08-01,1,3560000,356000,3204000,3560000,3560000,1,Realism
5a27ac9a-1e04-52e2-8392-12edbe43c594,2025-10-01,2,13610000,1361000,12249000,6805000,7520000,2,Impressionism
5a27ac9a-1e04-52e2-8392-12edbe43c594,2025-11-01,1,3290000,329000,2961000,3290000,3290000,1,Impressionism
5a27ac9a-1e04-52e2-8392-12edbe43c594,2025-12-01,3,17010000,1701000,15309000,5670000,8240000,3,Impressionism
5a27ac9a-1e04-52e2-8392-12edbe43c594,2026-02-01,2,11700000,1170000,10530000,5850000,8720000,2,Impressionism
5a27ac9a-1e04-52e2-8392-12edbe43c594,2026-03-01,3,27450000,2745000,24705000,9150000,11600000,3,Impressionism
5a27ac9a-1e04-52e2-8392-12edbe43c594,2026-04-01,1,5980000,598000,5382000,5980000,5980000,1,Impressionism
5a27ac9a-1e04-52e2-8392-12edbe43c594,2026-05-01,1,5600000,560000,5040000,5600000,5600000,1,Impressionism
5a27ac9a-1e04-52e2-8392-12edbe43c594,2026-06-01,5,27740000,2774000,24966000,5548000,7940000,5,Impressionism
5a27ac9a-1e04-52e2-8392-12edbe43c594,2026-07-01,5,27440000,2744000,24696000,5488000,9470000,5,Impressionism
5a27ac9a-1e04-52e2-8392-12edbe43c594,2026-08-01,3,25780000,2578000,23202000,8593333,17200000,3,Impressionism
5a27ac9a-1e04-52e2-8392-12edbe43c594,2026-09-01,3,16700000,1670000,15030000,5566667,8450000,3,Impressionism
5d9ef8fa-9d26-5e45-87a1-4a45f17d0980,2025-03-01,1,39400000,3940000,35460000,39400000,39400000,1,Baroque
5d9ef8fa-9d26-5e45-87a1-4a45f17d0980,2025-05-01,1,23800000,2380000,21420000,23800000,23800000,1,Baroque
5d9ef8fa-9d26-5e45-87a1-4a45f17d0980,2025-06-01,3,94200000,9420000,84780000,31400000,39400000,3,Baroque
5d9ef8fa-9d26-5e45-87a1-4a45f17d0980,2025-08-01,2,64500000,6450000,58050000,32250000,32900000,2,Baroque
5d9ef8fa-9d26-5e45-87a1-4a45f17d0980,2025-09-01,4,109100000,10910000,98190000,27275000,46300000,4,Baroque
5d9ef8fa-9d26-5e45-87a1-4a45f17d0980,2025-10-01,1,38300000,3830000,34470000,38300000,38300000,1,Baroque
5d9ef8fa-9d26-5e45-87a1-4a45f17d0980,2025-11-01,1,22100000,2210000,19890000,22100000,22100000,1,Baroque
5d9ef8fa-9d26-5e45-87a1-4a45f17d0980,2025-12-01,1,25600000,2560000,23040000,25600000,25600000,1,Baroque
5d9ef8fa-9d26-5e45-87a1-4a45f17d0980,2026-01-01,6,251700000,25170000,226530000,41950000,86900000,6,Baroque
5d9ef8fa-9d26-5e45-87a1-4a45f17d0980,2026-02-01,1,16600000,1660000,14940000,16600000,16600000,1,Baroque
5d9ef8fa-9d26-5e45-87a1-4a45f17d0980,2026-03-01,6,163000000,16300000,146700000,27166667,62800000,6,Baroque
5d9ef8fa-9d26-5e45-87a1-4a45f17d0980,2026-04-01,2,56400000,5640000,50760000,28200000,40100000,2,Baroque
5d9ef8fa-9d26-5e45-87a1-4a45f17d0980,2026-05-01,6,190500000,19050000,171450000,31750000,51500000,6,Baroque
5d9ef8fa-9d26-5e45-87a1-4a45f17d0980,2026-06-01,7,322300000,32230000,290070000,46042857,86900000,6,Baroque
5d9ef8fa-9d26-5e45-87a1-4a45f17d0980,2026-07-01,9,282500000,28250000,254250000,31388889,60700000,6,Baroque
5d9ef8fa-9d26-5e45-87a1-4a45f17d0980,2026-08-01,6,181600000,18160000,163440000,30266667,43300000,4,Baroque
5d9ef8fa-9d26-5e45-87a1-4a45f17d0980,2026-09-01,2,118900000,11890000,107010000,59450000,62000000,2,Baroque
5efed142-8369-554d-9ba2-c2f081036319,2025-04-01,1,17000000,1700000,15300000,17000000,17000000,1,Realism
5efed142-8369-554d-9ba2-c2f081036319,2025-06-01,1,15100000,1510000,13590000,15100000,15100000,1,Realism
5efed142-8369-554d-9ba2-c2f081036319,2025-07-01,1,37500000,3750000,33750000,37500000,37500000,1,Realism
5efed142-8369-554d-9ba2-c2f081036319,2025-09-01,2,89800000,8980000,80820000,44900000,61100000,2,Impressionism
5efed142-8369-554d-9ba2-c2f081036319,2025-10-01,1,32500000,3250000,29250000,32500000,32500000,1,Impressionism
5efed142-8369-554d-9ba2-c2f081036319,2025-11-01,1,39800000,3980000,35820000,39800000,39800000,1,Impressionism
5efed142-8369-554d-9ba2-c2f081036319,2025-12-01,1,36600000,3660000,32940000,36600000,36600000,1,Realism
5efed142-8369-554d-9ba2-c2f081036319,2026-01-01,2,61500000,6150000,55350000,30750000,36100000,2,Impressionism
5efed142-8369-554d-9ba2-c2f081036319,2026-02-01,3,114800000,11480000,103320000,38266667,52900000,3,Impressionism
5efed142-8369-554d-9ba2-c2f081036319,2026-03-01,1,25600000,2560000,23040000,25600000,25600000,1,Impressionism
5efed142-8369-554d-9ba2-c2f081036319,2026-04-01,5,167100000,16710000,150390000,33420000,41600000,5,Impressionism
5efed142-8369-554d-9ba2-c2f081036319,2026-05-01,6,136800000,13680000,123120000,22800000,28500000,6,Realism
5efed142-8369-554d-9ba2-c2f081036319,2026-06-01,2,71900000,7190000,64710000,35950000,44400000,2,Impressionism
5efed142-8369-554d-9ba2-c2f081036319,2026-07-01,7,215500000,21550000,193950000,30785714,51000000,7,Realism
5efed142-8369-554d-9ba2-c2f081036319,2026-08-01,10,271800000,27180000,244620000,27180000,48200000,9,Realism
5efed142-8369-554d-9ba2-c2f081036319,2026-09-01,6,205600000,20560000,185040000,34266667,55400000,6,Impressionism
64668e48-371b-5ffb-8837-9c4fd033feec,2025-03-01,1,2830000,283000,2547000,2830000,2830000,1,Romanticism
64668e48-371b-5ffb-8837-9c4fd033feec,2025-06-01,1,7320000,732000,6588000,7320000,7320000,1,Romanticism
64668e48-371b-5ffb-8837-9c4fd033feec,2025-07-01,1,12900000,1290000,11610000,12900000,12900000,1,Romanticism
64668e48-371b-5ffb-8837-9c4fd033feec,2025-09-01,1,14700000,1470000,13230000,14700000,14700000,1,Romanticism
64668e48-371b-5ffb-8837-9c4fd033feec,2025-10-01,1,6610000,661000,5949000,6610000,6610000,1,Romanticism
64668e48-371b-5ffb-8837-9c4fd033feec,2025-11-01,1,4570000,457000,4113000,4570000,4570000,1,Romanticism
64668e48-371b-5ffb-8837-9c4fd033feec,2026-02-01,1,4190000,419000,3771000,4190000,4190000,1,Romanticism
64668e48-371b-5ffb-8837-9c4fd033feec,2026-03-01,1,8770000,877000,7893000,8770000,8770000,1,Romanticism
64668e48-371b-5ffb-8837-9c4fd033feec,2026-04-01,1,5680000,568000,5112000,5680000,5680000,1,Romanticism
64668e48-371b-5ffb-8837-9c4fd033feec,2026-05-01,2,18670000,1867000,16803000,9335000,10800000,2,Romanticism
64668e48-371b-5ffb-8837-9c4fd033feec,2026-06-01,3,25960000,2596000,23364000,8653333,15500000,2,Romanticism
64668e48-371b-5ffb-8837-9c4fd033feec,2026-07-01,4,20350000,2035000,18315000,5087500,7480000,4,Romanticism
64668e48-371b-5ffb-8837-9c4fd033feec,2026-08-01,3,31320000,3132000,28188000,10440000,14600000,3,Romanticism
64668e48-371b-5ffb-8837-9c4fd033feec,2026-09-01,6,42850000,4285000,38565000,7141667,12600000,6,Romanticism
6fe7b986-2984-567c-a4cc-509a0769266a,2025-06-01,2,36700000,3670000,33030000,18350000,21800000,2,Romanticism
6fe7b986-2984-567c-a4cc-509a0769266a,2025-08-01,1,37900000,3790000,34110000,37900000,37900000,1,Romanticism
6fe7b986-2984-567c-a4cc-509a0769266a,2025-10-01,3,59200000,5920000,53280000,19733333,26900000,3,Romanticism
6fe7b986-2984-567c-a4cc-509a0769266a,2025-11-01,1,37900000,3790000,34110000,37900000,37900000,1,Romanticism
6fe7b986-2984-567c-a4cc-509a0769266a,2025-12-01,3,62800000,6280000,56520000,20933333,24600000,3,Romanticism
6fe7b986-2984-567c-a4cc-509a0769266a,2026-01-01,4,86900000,8690000,78210000,21725000,26100000,3,Romanticism
6fe7b986-2984-567c-a4cc-509a0769266a,2026-02-01,1,16900000,1690000,15210000,16900000,16900000,1,Romanticism
6fe7b986-2984-567c-a4cc-509a0769266a,2026-03-01,5,106940000,10694000,96246000,21388000,38100000,4,Romanticism
6fe7b986-2984-567c-a4cc-509a0769266a,2026-04-01,1,19500000,1950000,17550000,19500000,19500000,1,Romanticism
6fe7b986-2984-567c-a4cc-509a0769266a,2026-05-01,7,116900000,11690000,105210000,16700000,31800000,4,Romanticism
6fe7b986-2984-567c-a4cc-509a0769266a,2026-06-01,3,56900000,5690000,51210000,18966667,22000000,3,Romanticism
6fe7b986-2984-567c-a4cc-509a0769266a,2026-07-01,5,136200000,13620000,122580000,27240000,42600000,5,Romanticism
6fe7b986-2984-567c-a4cc-509a0769266a,2026-08-01,5,136700000,13670000,123030000,27340000,42900000,5,Romanticism
6fe7b986-2984-567c-a4cc-509a0769266a,2026-09-01,5,77370000,7737000,69633000,15474000,21600000,3,Romanticism
7cf14239-60d5-5ff0-9270-0d2dd0d62e05,2025-03-01,1,5330000,533000,4797000,5330000,5330000,1,Realism
7cf14239-60d5-5ff0-9270-0d2dd0d62e05,2025-09-01,1,8280000,828000,7452000,8280000,8280000,1,Realism
7cf14239-60d5-5ff0-9270-0d2dd0d62e05,2025-11-01,2,23500000,2350000,21150000,11750000,13000000,2,Expressionism
7cf14239-60d5-5ff0-9270-0d2dd0d62e05,2025-12-01,1,2330000,233000,2097000,2330000,2330000,1,Symbolism
7cf14239-60d5-5ff0-9270-0d2dd0d62e05,2026-01-01,1,17300000,1730000,15570000,17300000,17300000,1,Symbolism
7cf14239-60d5-5ff0-9270-0d2dd0d62e05,2026-03-01,1,21500000,2150000,19350000,21500000,21500000,1,Expressionism
7cf14239-60d5-5ff0-9270-0d2dd0d62e05,2026-04-01,4,32430000,3243000,29187000,8107500,11000000,4,Expressionism
7cf14239-60d5-5ff0-9270-0d2dd0d62e05,2026-05-01,2,21000000,2100000,18900000,10500000,14300000,2,Cubism
7cf14239-60d5-5ff0-9270-0d2dd0d62e05,2026-07-01,3,20620000,2062000,18558000,6873333,8500000,3,Realism
7cf14239-60d5-5ff0-9270-0d2dd0d62e05,2026-08-01,6,35860000,3586000,32274000,5976667,10700000,6,Symbolism
7cf14239-60d5-5ff0-9270-0d2dd0d62e05,2026-09-01,2,16260000,1626000,14634000,8130000,8590000,2,Expressionism
951be198-4893-5acc-9f1d-ab202e87291b,2024-12-01,1,136000000,13600000,122400000,136000000,136000000,1,Realism
951be198-4893-5acc-9f1d-ab202e87291b,2025-02-01,1,248000000,24800000,223200000,248000000,248000000,1,Post_Impressionism
951be198-4893-5acc-9f1d-ab202e87291b,2025-03-01,1,222000000,22200000,199800000,222000000,222000000,1,Post_Impressionism
951be198-4893-5acc-9f1d-ab202e87291b,2025-04-01,2,184400000,18440000,165960000,92200000,117000000,2,Post_Impressionism
951be198-4893-5acc-9f1d-ab202e87291b,2025-05-01,4,349100000,34910000,314190000,87275000,126000000,4,Post_Impressionism
951be198-4893-5acc-9f1d-ab202e87291b,2025-06-01,3,423400000,42340000,381060000,141133333,199000000,3,Post_Impressionism
951be198-4893-5acc-9f1d-ab202e87291b,2025-07-01,1,264000000,26400000,237600000,264000000,264000000,1,Post_Impressionism
951be198-4893-5acc-9f1d-ab202e87291b,2025-08-01,2,321000000,32100000,288900000,160500000,214000000,2,Realism
951be198-4893-5acc-9f1d-ab202e87291b,2025-09-01,5,241200000,24120000,217080000,48240000,53400000,5,Realism
951be198-4893-5acc-9f1d-ab202e87291b,2025-10-01,7,912100000,91210000,820890000,130300000,277000000,7,Post_Impressionism
951be198-4893-5acc-9f1d-ab202e87291b,2025-11-01,11,1137200000,113720000,1023480000,103381818,198000000,10,Post_Impressionism
951be198-4893-5acc-9f1d-ab202e87291b,2025-12-01,7,921000000,92100000,828900000,131571429,311000000,7,Realism
951be198-4893-5acc-9f1d-ab202e87291b,2026-01-01,11,1079500000,107950000,971550000,98136364,173000000,10,Post_Impressionism
951be198-4893-5acc-9f1d-ab202e87291b,2026-02-01,10,843600000,84360000,759240000,84360000,150000000,10,Realism
951be198-4893-5acc-9f1d-ab202e87291b,2026-03-01,21,2629600000,262960000,2366640000,125219048,480000000,20,Post_Impressionism
951be198-4893-5acc-9f1d-ab202e87291b,2026-04-01,25,3890500000,389050000,3501450000,155620000,918000000,20,Post_Impressionism
951be198-4893-5acc-9f1d-ab202e87291b,2026-05-01,24,3457500000,345750000,3111750000,144062500,310000000,23,Post_Impressionism
951be198-4893-5acc-9f1d-ab202e87291b,2026-06-01,25,3044500000,304450000,2740050000,121780000,388000000,19,Post_Impressionism
951be198-4893-5acc-9f1d-ab202e87291b,2026-07-01,18,2937800000,293780000,2644020000,163211111,510000000,14,Post_Impressionism
951be198-4893-5acc-9f1d-ab202e87291b,2026-08-01,16,2112100000,211210000,1900890000,132006250,249000000,11,Post_Impressionism
951be198-4893-5acc-9f1d-ab202e87291b,2026-09-01,9,1201300000,120130000,1081170000,133477778,253000000,9,Realism
a531998d-b66d-5191-a7da-a567327512a7,2025-01-01,1,68300000,6830000,61470000,68300000,68300000,1,Symbolism
a531998d-b66d-5191-a7da-a567327512a7,2025-02-01,1,223000000,22300000,200700000,223000000,223000000,1,Symbolism
a531998d-b66d-5191-a7da-a567327512a7,2025-04-01,1,78300000,7830000,70470000,78300000,78300000,1,Symbolism
a531998d-b66d-5191-a7da-a567327512a7,2025-05-01,2,291200000,29120000,262080000,145600000,194000000,2,Art_Nouveau
a531998d-b66d-5191-a7da-a567327512a7,2025-06-01,1,50200000,5020000,45180000,50200000,50200000,1,Symbolism
a531998d-b66d-5191-a7da-a567327512a7,2025-08-01,1,73900000,7390000,66510000,73900000,73900000,1,Symbolism
a531998d-b66d-5191-a7da-a567327512a7,2025-09-01,4,384400000,38440000,345960000,96100000,154000000,4,Symbolism
a531998d-b66d-5191-a7da-a567327512a7,2025-10-01,6,535400000,53540000,481860000,89233333,145000000,6,Symbolism
a531998d-b66d-5191-a7da-a567327512a7,2025-11-01,1,150000000,15000000,135000000,150000000,150000000,1,Art_Nouveau
a531998d-b66d-5191-a7da-a567327512a7,2025-12-01,5,543100000,54310000,488790000,108620000,172000000,5,Symbolism
a531998d-b66d-5191-a7da-a567327512a7,2026-01-01,3,280600000,28060000,252540000,93533333,119000000,3,Symbolism
a531998d-b66d-5191-a7da-a567327512a7,2026-02-01,5,509100000,50910000,458190000,101820000,119000000,5,Art_Nouveau
a531998d-b66d-5191-a7da-a567327512a7,2026-03-01,9,856200000,85620000,770580000,95133333,168000000,8,Symbolism
a531998d-b66d-5191-a7da-a567327512a7,2026-04-01,14,1150100000,115010000,1035090000,82150000,158000000,11,Symbolism
a531998d-b66d-5191-a7da-a567327512a7,2026-05-01,5,477500000,47750000,429750000,95500000,154000000,5,Symbolism
a531998d-b66d-5191-a7da-a567327512a7,2026-06-01,9,808900000,80890000,728010000,89877778,146000000,9,Symbolism
a531998d-b66d-5191-a7da-a567327512a7,2026-07-01,14,1381700000,138170000,1243530000,98692857,310000000,14,Symbolism
a531998d-b66d-5191-a7da-a567327512a7,2026-08-01,17,1729800000,172980000,1556820000,101752941,219000000,16,Art_Nouveau
a531998d-b66d-5191-a7da-a567327512a7,2026-09-01,11,1165000000,116500000,1048500000,105909091,271000000,11,Symbolism
a6782ff2-13ef-5b2b-a432-7d121a6ae6c4,2025-02-01,1,20100000,2010000,18090000,20100000,20100000,1,Realism
a6782ff2-13ef-5b2b-a432-7d121a6ae6c4,2025-06-01,2,13560000,1356000,12204000,6780000,9840000,2,Expressionism
a6782ff2-13ef-5b2b-a432-7d121a6ae6c4,2025-07-01,1,13400000,1340000,12060000,13400000,13400000,1,Expressionism
a6782ff2-13ef-5b2b-a432-7d121a6ae6c4,2025-08-01,4,29950000,2995000,26955000,7487500,11900000,4,Expressionism
a6782ff2-13ef-5b2b-a432-7d121a6ae6c4,2025-09-01,4,40720000,4072000,36648000,10180000,20100000,3,Expressionism
a6782ff2-13ef-5b2b-a432-7d121a6ae6c4,2025-11-01,2,28980000,2898000,26082000,14490000,20600000,2,Expressionism
a6782ff2-13ef-5b2b-a432-7d121a6ae6c4,2025-12-01,3,37400000,3740000,33660000,12466667,15800000,3,Expressionism
a6782ff2-13ef-5b2b-a432-7d121a6ae6c4,2026-01-01,2,11900000,1190000,10710000,5950000,6700000,2,Naive_Art_Primitivism
a6782ff2-13ef-5b2b-a432-7d121a6ae6c4,2026-02-01,4,33130000,3313000,29817000,8282500,12500000,4,Expressionism
a6782ff2-13ef-5b2b-a432-7d121a6ae6c4,2026-03-01,2,14470000,1447000,13023000,7235000,11300000,2,Expressionism
a6782ff2-13ef-5b2b-a432-7d121a6ae6c4,2026-04-01,2,11990000,1199000,10791000,5995000,8690000,2,Expressionism
a6782ff2-13ef-5b2b-a432-7d121a6ae6c4,2026-05-01,4,37020000,3702000,33318000,9255000,13300000,4,Expressionism
a6782ff2-13ef-5b2b-a432-7d121a6ae6c4,2026-06-01,2,15730000,1573000,14157000,7865000,11500000,2,Expressionism
a6782ff2-13ef-5b2b-a432-7d121a6ae6c4,2026-07-01,4,26490000,2649000,23841000,6622500,9920000,4,Expressionism
a6782ff2-13ef-5b2b-a432-7d121a6ae6c4,2026-08-01,3,24150000,2415000,21735000,8050000,13100000,3,Expressionism
a6782ff2-13ef-5b2b-a432-7d121a6ae6c4,2026-09-01,10,98970000,9897000,89073000,9897000,12900000,10,Expressionism
c868fe01-5c24-57bf-8ffb-fdc6d3ae09a2,2025-01-01,1,11600000,1160000,10440000,11600000,11600000,1,Naive_Art_Primitivism
c868fe01-5c24-57bf-8ffb-fdc6d3ae09a2,2025-02-01,2,19180000,1918000,17262000,9590000,13400000,2,Cubism
c868fe01-5c24-57bf-8ffb-fdc6d3ae09a2,2025-04-01,1,24200000,2420000,21780000,24200000,24200000,1,Cubism
c868fe01-5c24-57bf-8ffb-fdc6d3ae09a2,2025-05-01,4,54850000,5485000,49365000,13712500,17300000,4,Naive_Art_Primitivism
c868fe01-5c24-57bf-8ffb-fdc6d3ae09a2,2025-06-01,3,27290000,2729000,24561000,9096667,13300000,3,Naive_Art_Primitivism
c868fe01-5c24-57bf-8ffb-fdc6d3ae09a2,2025-07-01,1,20200000,2020000,18180000,20200000,20200000,1,Naive_Art_Primitivism
c868fe01-5c24-57bf-8ffb-fdc6d3ae09a2,2025-08-01,2,55500000,5550000,49950000,27750000,40100000,2,Cubism
c868fe01-5c24-57bf-8ffb-fdc6d3ae09a2,2025-09-01,3,38040000,3804000,34236000,12680000,23000000,3,Naive_Art_Primitivism
c868fe01-5c24-57bf-8ffb-fdc6d3ae09a2,2025-10-01,2,19350000,1935000,17415000,9675000,9870000,2,Naive_Art_Primitivism
c868fe01-5c24-57bf-8ffb-fdc6d3ae09a2,2025-11-01,3,43970000,4397000,39573000,14656667,26000000,3,Naive_Art_Primitivism
c868fe01-5c24-57bf-8ffb-fdc6d3ae09a2,2025-12-01,4,68370000,6837000,61533000,17092500,30700000,4,Naive_Art_Primitivism
c868fe01-5c24-57bf-8ffb-fdc6d3ae09a2,2026-01-01,3,44830000,4483000,40347000,14943333,22200000,3,Naive_Art_Primitivism
c868fe01-5c24-57bf-8ffb-fdc6d3ae09a2,2026-02-01,2,16090000,1609000,14481000,8045000,8150000,2,Naive_Art_Primitivism
c868fe01-5c24-57bf-8ffb-fdc6d3ae09a2,2026-03-01,9,101990000,10199000,91791000,11332222,18900000,8,Naive_Art_Primitivism
c868fe01-5c24-57bf-8ffb-fdc6d3ae09a2,2026-04-01,6,114800000,11480000,103320000,19133333,26100000,6,Naive_Art_Primitivism
c868fe01-5c24-57bf-8ffb-fdc6d3ae09a2,2026-05-01,7,113960000,11396000,102564000,16280000,31900000,7,Naive_Art_Primitivism
c868fe01-5c24-57bf-8ffb-fdc6d3ae09a2,2026-06-01,3,42400000,4240000,38160000,14133333,14800000,3,Naive_Art_Primitivism
c868fe01-5c24-57bf-8ffb-fdc6d3ae09a2,2026-07-01,6,117500000,11750000,105750000,19583333,37100000,4,Naive_Art_Primitivism
c868fe01-5c24-57bf-8ffb-fdc6d3ae09a2,2026-08-01,5,83460000,8346000,75114000,16692000,26400000,4,Naive_Art_Primitivism
c868fe01-5c24-57bf-8ffb-fdc6d3ae09a2,2026-09-01,8,128520000,12852000,115668000,16065000,35400000,8,Naive_Art_Primitivism
d9c76b21-7320-5d80-9265-153dfdbc0c20,2025-01-01,1,11900000,1190000,10710000,11900000,11900000,1,Impressionism
d9c76b21-7320-5d80-9265-153dfdbc0c20,2025-02-01,1,9700000,970000,8730000,9700000,9700000,1,Impressionism
d9c76b21-7320-5d80-9265-153dfdbc0c20,2025-03-01,1,5240000,524000,4716000,5240000,5240000,1,Impressionism
d9c76b21-7320-5d80-9265-153dfdbc0c20,2025-04-01,1,6060000,606000,5454000,6060000,6060000,1,Impressionism
d9c76b21-7320-5d80-9265-153dfdbc0c20,2025-08-01,1,2770000,277000,2493000,2770000,2770000,1,Impressionism
d9c76b21-7320-5d80-9265-153dfdbc0c20,2025-09-01,3,23250000,2325000,20925000,7750000,11200000,3,Impressionism
d9c76b21-7320-5d80-9265-153dfdbc0c20,2025-10-01,1,6210000,621000,5589000,6210000,6210000,1,Impressionism
d9c76b21-7320-5d80-9265-153dfdbc0c20,2025-11-01,1,8480000,848000,7632000,8480000,8480000,1,Impressionism
d9c76b21-7320-5d80-9265-153dfdbc0c20,2026-01-01,1,5660000,566000,5094000,5660000,5660000,1,Impressionism
d9c76b21-7320-5d80-9265-153dfdbc0c20,2026-02-01,1,6870000,687000,6183000,6870000,6870000,1,Impressionism
d9c76b21-7320-5d80-9265-153dfdbc0c20,2026-03-01,2,12170000,1217000,10953000,6085000,6400000,2,Impressionism
d9c76b21-7320-5d80-9265-153dfdbc0c20,2026-04-01,2,18200000,1820000,16380000,9100000,11600000,2,Impressionism
d9c76b21-7320-5d80-9265-153dfdbc0c20,2026-05-01,4,35420000,3542000,31878000,8855000,16800000,4,Impressionism
d9c76b21-7320-5d80-9265-153dfdbc0c20,2026-07-01,3,13650000,1365000,12285000,4550000,6860000,3,Impressionism
d9c76b21-7320-5d80-9265-153dfdbc0c20,2026-08-01,1,7060000,706000,6354000,7060000,7060000,1,Impressionism
d9c76b21-7320-5d80-9265-153dfdbc0c20,2026-09-01,4,37810000,3781000,34029000,9452500,17200000,4,Impressionism
dad52c43-2eab-5272-a61d-dca032e6b1db,2025-04-01,1,5790000,579000,5211000,5790000,5790000,1,Art_Nouveau
dad52c43-2eab-5272-a61d-dca032e6b1db,2025-06-01,2,7640000,764000,6876000,3820000,3910000,2,Art_Nouveau
dad52c43-2eab-5272-a61d-dca032e6b1db,2025-07-01,1,10800000,1080000,9720000,10800000,10800000,1,Art_Nouveau
dad52c43-2eab-5272-a61d-dca032e6b1db,2025-09-01,1,4690000,469000,4221000,4690000,4690000,1,Art_Nouveau
dad52c43-2eab-5272-a61d-dca032e6b1db,2025-10-01,1,3450000,345000,3105000,3450000,3450000,1,Art_Nouveau
dad52c43-2eab-5272-a61d-dca032e6b1db,2025-11-01,4,25940000,2594000,23346000,6485000,9970000,4,Art_Nouveau
dad52c43-2eab-5272-a61d-dca032e6b1db,2025-12-01,1,5020000,502000,4518000,5020000,5020000,1,Art_Nouveau
dad52c43-2eab-5272-a61d-dca032e6b1db,2026-02-01,1,2340000,234000,2106000,2340000,2340000,1,Art_Nouveau
dad52c43-2eab-5272-a61d-dca032e6b1db,2026-03-01,1,7180000,718000,6462000,7180000,7180000,1,Art_Nouveau
dad52c43-2eab-5272-a61d-dca032e6b1db,2026-04-01,1,2740000,274000,2466000,2740000,2740000,1,Art_Nouveau
dad52c43-2eab-5272-a61d-dca032e6b1db,2026-05-01,3,10780000,1078000,9702000,3593333,4370000,3,Art_Nouveau
dad52c43-2eab-5272-a61d-dca032e6b1db,2026-06-01,3,11820000,1182000,10638000,3940000,4850000,3,Art_Nouveau
dad52c43-2eab-5272-a61d-dca032e6b1db,2026-07-01,1,2180000,218000,1962000,2180000,2180000,1,Art_Nouveau
dad52c43-2eab-5272-a61d-dca032e6b1db,2026-08-01,5,35460000,3546000,31914000,7092000,8630000,5,Art_Nouveau
dad52c43-2eab-5272-a61d-dca032e6b1db,2026-09-01,2,12280000,1228000,11052000,6140000,8800000,2,Art_Nouveau
dbc6f383-447d-5f26-a2f4-86753b3c416a,2025-03-01,2,34300000,3430000,30870000,17150000,19700000,2,Art_Nouveau
dbc6f383-447d-5f26-a2f4-86753b3c416a,2025-04-01,1,15200000,1520000,13680000,15200000,15200000,1,Impressionism
dbc6f383-447d-5f26-a2f4-86753b3c416a,2025-10-01,1,17800000,1780000,16020000,17800000,17800000,1,Realism
dbc6f383-447d-5f26-a2f4-86753b3c416a,2025-11-01,2,69700000,6970000,62730000,34850000,35400000,2,Art_Nouveau
dbc6f383-447d-5f26-a2f4-86753b3c416a,2026-01-01,2,39100000,3910000,35190000,19550000,25300000,2,Art_Nouveau
dbc6f383-447d-5f26-a2f4-86753b3c416a,2026-02-01,1,13700000,1370000,12330000,13700000,13700000,1,Realism
dbc6f383-447d-5f26-a2f4-86753b3c416a,2026-03-01,2,17020000,1702000,15318000,8510000,8910000,2,Art_Nouveau
dbc6f383-447d-5f26-a2f4-86753b3c416a,2026-04-01,5,74540000,7454000,67086000,14908000,25000000,5,Art_Nouveau
dbc6f383-447d-5f26-a2f4-86753b3c416a,2026-05-01,11,194490000,19449000,175041000,17680909,38800000,10,Art_Nouveau
dbc6f383-447d-5f26-a2f4-86753b3c416a,2026-06-01,1,15300000,1530000,13770000,15300000,15300000,1,Art_Nouveau
dbc6f383-447d-5f26-a2f4-86753b3c416a,2026-07-01,8,176900000,17690000,159210000,22112500,47800000,6,Realism
dbc6f383-447d-5f26-a2f4-86753b3c416a,2026-08-01,4,47610000,4761000,42849000,11902500,16500000,4,Realism
dbc6f383-447d-5f26-a2f4-86753b3c416a,2026-09-01,7,89930000,8993000,80937000,12847143,22800000,7,Realism
dd4aa9b5-3247-5ea3-9589-db5aa169c4e0,2025-04-01,1,1930000,193000,1737000,1930000,1930000,1,Romanticism
dd4aa9b5-3247-5ea3-9589-db5aa169c4e0,2025-05-01,1,17100000,1710000,15390000,17100000,17100000,1,Post_Impressionism
dd4aa9b5-3247-5ea3-9589-db5aa169c4e0,2025-06-01,1,5170000,517000,4653000,5170000,5170000,1,Post_Impressionism
dd4aa9b5-3247-5ea3-9589-db5aa169c4e0,2025-08-01,2,10750000,1075000,9675000,5375000,5510000,2,Post_Impressionism
dd4aa9b5-3247-5ea3-9589-db5aa169c4e0,2025-09-01,2,9300000,930000,8370000,4650000,5980000,2,Impressionism
dd4aa9b5-3247-5ea3-9589-db5aa169c4e0,2025-10-01,1,21800000,2180000,19620000,21800000,21800000,1,Post_Impressionism
dd4aa9b5-3247-5ea3-9589-db5aa169c4e0,2025-11-01,2,16550000,1655000,14895000,8275000,12100000,2,Cubism
dd4aa9b5-3247-5ea3-9589-db5aa169c4e0,2026-03-01,5,36120000,3612000,32508000,7224000,11500000,5,Post_Impressionism
dd4aa9b5-3247-5ea3-9589-db5aa169c4e0,2026-04-01,1,4290000,429000,3861000,4290000,4290000,1,Romanticism
dd4aa9b5-3247-5ea3-9589-db5aa169c4e0,2026-05-01,3,20140000,2014000,18126000,6713333,10900000,3,Post_Impressionism
dd4aa9b5-3247-5ea3-9589-db5aa169c4e0,2026-06-01,3,22060000,2206000,19854000,7353333,8540000,3,Post_Impressionism
dd4aa9b5-3247-5ea3-9589-db5aa169c4e0,2026-07-01,6,32810000,3281000,29529000,5468333,8580000,6,Post_Impressionism
dd4aa9b5-3247-5ea3-9589-db5aa169c4e0,2026-08-01,3,21810000,2181000,19629000,7270000,11100000,3,Post_Impressionism
dd4aa9b5-3247-5ea3-9589-db5aa169c4e0,2026-09-01,7,37380000,3738000,33642000,5340000,8670000,7,Post_Impressionism
