id,display_name,kota,created_at
1796add4-4e28-52d8-8d47-236c91bfbb59,Alya Firmansyah,Bogor,2025-09-22T16:57:30Z
78313e7d-68ff-5703-9245-2cfaee6439ed,Putri Maharani,Yogyakarta,2025-01-16T03:32:03Z
9f622511-dc95-5f40-932f-4084d772d648,Farhan Purnomo,Bandung,2025-10-29T03:19:25Z
87c5ecb9-dcb5-5270-9095-84661e8899cd,Yoga Pratama,Malang,2025-10-24T12:11:00Z
e3718b03-db4a-553e-b46c-45f57caa0061,Gita Utomo,Semarang,2025-02-19T18:30:29Z
bbf1bb4d-da5e-5b73-9d8f-a77f234626af,Gita Purnomo,Bogor,2025-09-02T08:27:19Z
f371b0b4-0b9c-573f-9846-46858beb720a,Laras Firmansyah,Yogyakarta,2025-08-26T21:53:58Z
5e998efc-04c6-5544-914b-bfe322536fbc,Utami Anggraini,Medan,2025-12-28T11:38:51Z
45eeb1ae-c130-5872-b1d9-8041abc064f6,Kartika Saputra,Surabaya,2024-12-13T11:29:49Z
e5e5eb9a-9860-5a17-a97b-9f9dfd82e386,Fajar Pratama,Surabaya,2025-01-14T05:06:25Z
788677ac-73c2-5563-a331-b3e7bdad68a9,Eko Susanto,Palembang,2025-06-20T10:09:53Z
0d183f9b-5c2d-50cd-a21b-7a4ff5175951,Nadia Setiawan,Sidoarjo,2024-10-24T20:07:16Z
2018a5c1-d714-585e-bb52-6832118f2741,Salsa Pratama,Balikpapan,2025-05-13T10:06:02Z
1abd8d19-9a49-5833-aba9-6f3a70b537f2,Okta Saputra,Malang,2025-11-30T15:19:07Z
58f42b9d-4015-51fe-8410-cefbda4f365f,Hadi Utomo,Medan,2024-12-20T07:20:18Z
7cb4d2fb-3679-51b5-8896-f934faf8254c,Putri Lestari,Solo,2025-06-06T08:56:08Z
47912d25-6df1-5389-996c-63b4a12b0891,Fajar Saputra,Yogyakarta,2026-03-19T11:24:33Z
d7b3f6b5-4f95-5afa-9ddf-d6eec94ce96d,Vina Susanto,Bogor,2025-07-01T04:43:24Z
c6259694-efa2-59da-af12-3baae1b19e5c,Zahra Susanto,Solo,2025-06-27T02:16:36Z
c1701bf2-a325-587f-9e7b-7fe7e0351aec,Salsa Nugroho,Denpasar,2025-07-29T17:57:53Z
f4866536-8efc-5194-8660-f5dd0e4c35f1,Lestari Gunawan,Semarang,2025-01-09T10:36:59Z
a493392b-9bbc-58d0-8311-0ac95fc74fd0,Hadi Wibowo,Malang,2024-12-19T11:14:38Z
b1c9bddf-2355-539f-b671-0d3f392cab36,Eko Kusuma,Sidoarjo,2025-10-01T18:30:57Z
31d4f930-e4c5-51da-9bed-84c4ed9e926a,Nanda Nugroho,Palembang,2025-05-02T17:08:16Z
1adc9f82-4a01-59e0-8c98-354a24559f3e,Yoga Gunawan,Palembang,2025-03-06T13:11:23Z
1ce43ec5-d4d8-5876-b70b-a8604b35b51c,Citra Santoso,Bogor,2024-10-17T22:50:07Z
82c2f17c-35d3-54f1-aebf-a42481a257ca,Hana Pratama,Malang,2025-12-31T20:48:51Z
edd6e8e8-1db3-5862-adfd-5e605be7c828,Sari Susanto,Bogor,2024-10-18T10:58:55Z
fb502761-5596-5e07-ba87-efe51a13fbb9,Irfan Rahmawati,Yogyakarta,2025-11-09T23:46:52Z
d1b1fdfd-ace1-536a-9c51-d44a0896c9ca,Sari Saputra,Balikpapan,2025-04-25T06:34:18Z
181d5eaa-4366-5aee-8dec-bd0fccfb583a,Fajar Setiawan,Yogyakarta,2025-08-20T06:59:38Z
282a5b11-5c97-5686-be7a-dafa471ce36c,Adi Kusuma,Denpasar,2025-02-11T17:54:24Z
a2ee3505-1898-5fa4-a468-f5f9c6772028,Vina Lestari,Jakarta,2024-12-23T21:58:46Z
c11f3e8a-99bb-5153-885e-7646661cf764,Utami Hidayat,Jakarta,2025-07-16T00:42:30Z
5c3826f0-492a-5274-a17f-b749a6e3ac8a,Jihan Wibowo,Denpasar,2025-10-11T15:12:19Z
be4b0a7a-9024-5d01-9efd-04a32d568f07,Laras Susanto,Medan,2025-01-14T13:35:35Z
45cbeb45-e7a8-5400-bd5f-3716602d0b11,Fajar Anggraini,Surabaya,2025-05-24T15:12:43Z
8ff05a10-8614-5a15-9c42-86ff10200f89,Lestari Santoso,Sidoarjo,2025-05-29T02:43:42Z
6f2b0b05-c566-578e-9ecf-c28242dee719,Hadi Nugroho,Jakarta,2025-01-25T15:05:23Z
7583df8a-98f3-56dd-a57a-0d891d4f929f,Dewi Saputra,Palembang,2025-08-02T03:02:26Z
2426b20b-036f-5f04-b2c1-72ba60a63b7d,Adi Wibowo,Yogyakarta,2024-12-18T19:19:35Z
cfcc9f80-a229-5abc-867d-47a8c6e6592e,Dewi Permana,Denpasar,2025-07-03T06:20:57Z
67a2d7e0-e408-5234-b2a7-fbc7a2fa188e,Utami Firmansyah,Bandung,2024-12-01T06:04:20Z
d8b7f6a9-5f67-5988-b332-33ccb2dc98d8,Fajar Anggraini,Sidoarjo,2025-06-20T04:37:46Z
f19f9cad-ffaf-5bd8-bd36-a8d5ee568767,Hadi Maharani,Bogor,2025-03-18T06:19:25Z
abe2101b-194e-5e3b-baaf-08e8968b9850,Eko Kusuma,Jakarta,2025-06-02T05:06:43Z
fb69b1d7-f311-5f7f-a460-2cfab849379f,Dinda Pratama,Jakarta,2025-05-23T05:23:30Z
d8e33127-de32-56d5-9c99-ec0a8c5c5614,Zahra Firmansyah,Makassar,2026-02-03T06:48:47Z
38acfa2d-85ab-5007-8e53-d7fbf0a35a8d,Raka Anggraini,Balikpapan,2025-06-22T13:33:55Z
96d805da-4016-5aad-9187-6ce1aba206b1,Eko Saputra,Jakarta,2025-12-16T23:44:44Z
c95ec7ea-92a7-513e-b0f2-1da5e321bded,Hadi Pratama,Yogyakarta,2025-01-30T20:27:18Z
9c4af862-0b35-5bbf-aba9-928990d127fe,Rangga Susanto,Medan,2025-04-09T02:59:34Z
c20dda97-37cd-5f2d-9c16-970d5069464f,Alya Wibowo,Jakarta,2024-11-10T13:09:30Z
5bd8431b-e2d7-592a-8a4b-dcaa250cc2cd,Eko Firmansyah,Malang,2025-05-16T04:53:29Z
8ffa5b86-7270-5fc0-bf1c-5b43800acac3,Hadi Wibowo,Surabaya,2025-09-27T02:21:01Z
9977cbaa-9155-5efa-8f3c-e787d7dddc25,Putri Maharani,Semarang,2025-12-27T14:38:41Z
d88c45a8-c22f-5fb8-92e0-7006c379775d,Adi Maharani,Bogor,2025-08-02T14:15:26Z
e50a3997-254d-5fc5-b387-cab444d77739,Okta Pratama,Denpasar,2025-09-11T15:20:30Z
00e89bde-5798-59e7-81bb-02b0f7987743,Hana Wijaya,Yogyakarta,2025-01-04T17:22:52Z
9aa3bd69-c459-515c-ba8f-b408ef95a728,Utami Maharani,Denpasar,2024-10-21T02:11:24Z
8027957b-7b93-5032-915c-3cbd4142f8a8,Rangga Kusuma,Medan,2025-12-02T12:16:42Z
0fb9478f-5318-5993-a4e3-03075a05174d,Teguh Hidayat,Bandung,2024-12-30T04:48:54Z
8ea2fbac-fba1-546b-8c7e-d8ffacc66fa3,Raka Maharani,Jakarta,2024-11-19T05:33:25Z
c88e7fc5-2c1f-5020-b5a7-880431b07355,Utami Hidayat,Bandung,2026-02-19T06:48:27Z
4c651658-1bd6-5988-bfa3-b4edb56a667a,Utami Wijaya,Palembang,2026-03-05T07:14:12Z
707728ca-a796-5849-83ff-74af4dd9b3ff,Nadia Pratama,Bogor,2025-08-29T18:41:40Z
969ea2f4-2a3c-52ed-9972-6aff0a5d073e,Fajar Setiawan,Jakarta,2025-04-23T11:08:20Z
179a2581-11cb-5dd1-af30-697a9f725e91,Dewi Handayani,Malang,2025-12-24T22:47:04Z
48180fc1-da24-5b0e-8a7a-53d33df05326,Rangga Purnomo,Denpasar,2025-01-19T13:10:14Z
68e8cbbb-da04-5541-862e-e1e28cf5c347,Lestari Anggraini,Bandung,2025-05-20T20:55:28Z
345cb69c-015f-5520-bf83-ec8b1bf93812,Hadi Susanto,Sidoarjo,2025-04-11T18:56:39Z
4e5749fa-1d58-58e8-b68a-db3089c84b49,Eko Maharani,Palembang,2026-02-05T20:35:30Z
5cb7773c-211a-5d9c-819a-e30bc06bc3ee,Laras Hidayat,Yogyakarta,2026-02-09T16:18:55Z
225ce8d4-bb94-5860-a0a7-05d0601ad6cf,Yoga Nugroho,Surabaya,2025-09-17T11:28:53Z
2849d62d-d267-52f6-ae18-fa6e10b67d58,Bayu Nugroho,Yogyakarta,2024-11-29T19:11:31Z
4a0ab876-f5c1-5e6b-930d-5530936fa7d5,Eko Santoso,Makassar,2025-06-18T09:13:06Z
d17c046c-52e5-5c8b-a069-172235bb457b,Mega Utomo,Sidoarjo,2025-02-10T11:27:20Z
ae9a0e88-72e5-5523-b081-7fbc68880af7,Yoga Hidayat,Malang,2026-01-21T20:30:25Z
44a122eb-e50e-5601-bb59-90f5725f35c4,Utami Rahmawati,Yogyakarta,2024-12-14T17:42:00Z
b90a6efe-9834-540f-bbdd-1c6bab40f04a,Bayu Lestari,Yogyakarta,2024-10-30T07:51:40Z
1d816192-26de-5c28-99a7-793dfd023ff8,Alya Pratama,Surabaya,2025-10-16T09:24:00Z
87bf1596-15f4-52d5-95c9-43647331c2f3,Putri Anggraini,Surabaya,2025-06-02T18:35:15Z
acf13e93-9c02-5953-af7b-9e0867f09454,Hana Hidayat,Denpasar,2025-12-27T17:12:32Z
4d92d705-4df8-5043-9e02-eb1038c10658,Joko Wijaya,Makassar,2024-11-10T07:12:00Z
f95934b7-8c9e-541e-aff7-bfe0cd54a817,Citra Nugroho,Surabaya,2025-12-07T13:56:48Z
9d360ee0-0088-5658-a8d1-0db5083b94f7,Maya Wijaya,Bandung,2024-10-21T03:51:30Z
ce7d11b4-b434-57d4-a507-54d40c8eb223,Adi Utomo,Balikpapan,2024-10-16T03:47:14Z
9d8ddd11-a801-58bc-9aaa-664e027e1f0a,Kartika Kusuma,Palembang,2025-06-07T02:39:07Z
f6c35744-f8c6-5fce-b0ed-c49ea35ae327,Eko Nugroho,Makassar,2025-01-28T11:56:06Z
a0c9e075-3c1c-5be0-aa5c-9c55c32e3b33,Indah Saputra,Medan,2025-08-17T14:35:39Z
5aaedc22-3a57-56fe-afc2-35293cd5b01a,Okta Pratama,Makassar,2024-10-14T22:35:17Z
546965ee-d8ae-5195-ac49-c2d0521933fa,Eko Pratama,Denpasar,2024-10-20T02:38:54Z
914cb54d-8dc4-55e6-9bba-447bf30c7df3,Sari Permana,Bandung,2025-10-28T15:50:40Z
509ff7d1-c1b7-532b-b451-eb13d4d19087,Nadia Hidayat,Denpasar,2025-01-22T11:44:25Z
7f25976e-29ea-5014-ba41-8f61f001af2d,Fajar Santoso,Solo,2025-09-20T11:09:57Z
06774145-5f78-5cfa-93ec-719bb9cce7d4,Nadia Saputra,Solo,2025-11-09T22:59:28Z
e1b49a89-7c6d-56bf-a382-7777e54336b5,Putri Saputra,Solo,2024-11-02T00:55:54Z
03397d72-03b1-59c3-865b-c50062422b90,Wahyu Rahmawati,Makassar,2025-11-20T16:00:40Z
6f338842-5807-511a-8b0f-216469d03cb4,Rangga Utomo,Surabaya,2025-02-22T22:44:20Z
83333cf0-523d-5361-94bd-c5d79ea72d30,Lestari Nugroho,Makassar,2025-04-29T08:30:56Z
7826a75f-b01b-5b15-8090-950a730170ee,Eko Purnomo,Balikpapan,2024-11-16T18:50:38Z
8ad954bc-1b99-5407-973d-73554444435a,Wahyu Maharani,Solo,2025-12-27T20:38:40Z
9f9080b9-7195-5910-8532-44b6139f476e,Maya Santoso,Makassar,2025-07-30T19:02:42Z
08bfd8c9-9c9a-5fe7-9381-ba6e7679d814,Utami Permana,Yogyakarta,2025-06-30T12:27:43Z
9a779412-e497-579b-8d83-f9ab37185061,Yoga Rahmawati,Sidoarjo,2026-03-08T00:28:13Z
eb1d1455-54ab-59dd-b1a7-8bcffaffe2b4,Zahra Permana,Semarang,2025-03-30T15:11:40Z
4e3ced83-fd56-55fd-abd7-47be78725639,Okta Kusuma,Yogyakarta,2026-01-25T00:29:58Z
028762f8-d024-5dc2-9c0d-7884b2807dc5,Eko Setiawan,Semarang,2025-10-24T15:09:17Z
4e10f433-6104-54e3-bdda-547a8530d03b,Teguh Wijaya,Jakarta,2026-02-14T09:43:28Z
e202f1c8-c8f5-564c-9c97-af7d4d524141,Laras Anggraini,Balikpapan,2026-02-03T05:06:52Z
9e764bb8-a7de-565b-b008-4ab804012d64,Lestari Wibowo,Solo,2026-03-20T03:44:46Z
3227257d-7266-599b-b2b0-6dfa5ee81df5,Laras Pratama,Malang,2024-12-11T02:31:50Z
fdf6aa1c-ef4c-51c5-80c3-15a6df7ea57c,Kevin Permana,Sidoarjo,2025-12-04T20:22:20Z
3be1e571-daec-5866-82bf-9bb952bce71b,Joko Anggraini,Surabaya,2025-12-09T10:14:48Z
8f2d1c90-b967-5b2f-95ac-e3ad4ba706a3,Wahyu Purnomo,Denpasar,2025-09-13T23:04:51Z
cb68b468-58e2-5344-9336-c3ea8f529a6d,Farhan Saputra,Solo,2025-02-28T14:02:16Z
7dd9860e-b390-50c5-899d-08c943295c11,Teguh Firmansyah,Surabaya,2026-03-06T04:19:17Z
fc4da2d0-8d87-5205-aaa9-4ebe75859f3d,Bayu Kusuma,Solo,2025-01-19T09:18:39Z
5e836647-71e8-5142-aaab-f158e91ead18,Maya Hidayat,Sidoarjo,2025-06-27T18:29:48Z
32db13d2-219b-51ce-9f01-b6e1be1702ce,Zahra Kusuma,Makassar,2025-07-09T14:28:22Z
1aae0750-4c8f-5879-8b25-ec14e411b5ed,Kevin Anggraini,Bandung,2024-12-27T09:18:29Z
9c6e09a0-2346-5608-ba26-22aa33f52834,Irfan Purnomo,Bogor,2025-10-26T03:58:24Z
e0627b49-ed43-537c-b7b3-7f3d6c5c4ff3,Jihan Permana,Malang,2024-11-17T23:43:06Z
bfedcb39-8cfe-5eea-91f2-43a30581ac27,Kevin Susanto,Bogor,2025-10-10T06:32:49Z
91208491-af2c-5360-b7a5-93ffd255697d,Indah Saputra,Makassar,2026-01-02T06:03:24Z
d10b4e12-8728-5b1b-98cf-9eb8c29367c5,Adi Santoso,Jakarta,2025-04-07T16:10:39Z
130ec63c-8ce6-5e6d-9a74-9ac7ba68756a,Fajar Gunawan,Jakarta,2025-10-19T02:05:37Z
247281d2-7eb2-5256-af64-c4f7968da59d,Joko Utomo,Surabaya,2024-12-24T15:47:28Z
e69f25d4-db0e-5769-abb3-02218d82888c,Bayu Pratama,Jakarta,2025-12-31T19:29:56Z
43e43bc7-da18-5ea2-8732-6d0f1a2ceff3,Teguh Santoso,Malang,2026-02-27T02:19:50Z
4ed5288c-a104-5753-982d-16b46a560585,Sari Wibowo,Surabaya,2024-12-22T10:54:36Z
aff844a9-441c-5139-8580-f9e7608f9e5c,Adi Pratama,Palembang,2025-10-09T14:29:55Z
48515244-c393-5b36-a148-4688976b9626,Bayu Purnomo,Balikpapan,2025-07-01T03:34:15Z
56106975-37fe-55fe-a6fd-24180e933953,Nanda Anggraini,Bandung,2025-07-15T00:13:52Z
ab0a5d93-6d62-5a71-8bed-671920b3abca,Hana Saputra,Malang,2025-10-17T12:06:24Z
d40d88e1-3c6a-5173-bc4f-f00512c8ae9e,Eko Saputra,Bogor,2025-06-21T22:04:36Z
9144077e-2a07-55b3-bcf2-4c054eb2d349,Kartika Firmansyah,Solo,2025-08-21T04:13:48Z
12ee4118-a9de-5537-a1ec-80bcdd910cb7,Citra Lestari,Makassar,2025-02-02T16:28:37Z
8623984d-842f-570f-85ac-09bcb15b3953,Kartika Hidayat,Palembang,2025-04-23T09:26:43Z
e85971e4-3225-5d5a-a717-ec6494f3ea35,Nadia Santoso,Makassar,2026-01-11T05:30:53Z
20c215f6-dead-53da-9e03-a4122e455668,Teguh Gunawan,Solo,2024-11-29T08:20:11Z
275fa008-4c0a-5ffd-a05f-04d3a2e036ae,Rangga Anggraini,Medan,2025-08-19T16:34:31Z
081b5dc5-350a-5404-a193-831d12d55219,Kartika Santoso,Medan,2025-01-08T12:21:37Z
1ae98ad4-8b69-57ac-8937-47e2a8df176f,Joko Gunawan,Malang,2026-01-01T03:09:11Z
0b0493f3-0689-5073-9e9d-268e7130874a,Alya Kusuma,Medan,2025-08-09T16:24:34Z
c0ca208a-f711-5c22-95e7-6eaa871f2f38,Salsa Wijaya,Balikpapan,2025-05-06T15:30:44Z
dac1cb0f-4a65-597b-a984-9970dda3e70e,Farhan Lestari,Denpasar,2025-02-12T21:43:39Z
52eb5e38-9a88-5ab0-b251-16ec53ce59fa,Farhan Rahmawati,Jakarta,2025-05-24T21:30:26Z
9e09a6df-081c-5378-9fe5-48b677ed79d0,Sari Firmansyah,Makassar,2026-03-02T02:39:20Z
d087854d-40ba-50b7-8077-65bf58aaecfc,Dewi Susanto,Bogor,2025-07-02T23:21:08Z
a0e727f2-1e54-59ea-8659-39e42162df5c,Dinda Wijaya,Palembang,2025-06-11T12:35:03Z
011feb48-c737-5110-960a-1bf912d84b37,Irfan Wibowo,Medan,2025-11-07T23:42:31Z
cab8359d-bf2b-5fd5-ae41-0788100e71b5,Teguh Firmansyah,Sidoarjo,2025-04-23T16:27:00Z
598cdc17-1229-5d55-8f09-5780909cb63f,Dewi Susanto,Yogyakarta,2025-05-19T19:24:51Z
915218bb-3657-5a11-bfd2-7d216c02e86d,Dinda Hidayat,Denpasar,2025-03-31T22:50:33Z
0fcdaaab-0983-523a-8e1e-1c48f8e127cd,Nadia Wijaya,Denpasar,2024-12-21T11:55:12Z
7b4d85c8-868f-5ea4-8316-f36e9a7e06c4,Indah Setiawan,Malang,2025-10-21T10:58:02Z
b4e13e44-297b-50b1-9462-4de4a9df9d7c,Fajar Setiawan,Bogor,2026-01-15T10:28:50Z
4d585877-2c17-5012-8f6e-09593a947064,Farhan Lestari,Balikpapan,2026-02-02T00:28:50Z
f1527868-08c6-59b1-b743-9e223ef23330,Mega Wijaya,Malang,2026-01-19T15:12:21Z
93c33139-3007-5725-9eff-41db7823137a,Dinda Wijaya,Jakarta,2025-06-01T23:07:05Z
f625153e-a631-5477-afc5-ce1bf32872fe,Dinda Permana,Sidoarjo,2025-03-03T09:29:52Z
04192cbc-635a-5fd1-9d46-7902f07963b7,Joko Anggraini,Sidoarjo,2025-09-10T11:29:30Z
66a4e198-2582-5bd6-888f-e2530da725b8,Budi Wibowo,Palembang,2026-02-28T12:58:32Z
adf570fb-d074-553c-b198-c922b7051759,Vina Rahmawati,Yogyakarta,2025-10-28T14:34:35Z
44172e1c-bd66-55ba-b447-447aada11fc6,Putri Anggraini,Bogor,2025-06-25T05:14:14Z
062a4862-1aa8-5f83-a05d-cb5691e47676,Kevin Susanto,Bogor,2025-10-07T22:57:32Z
fb013d36-9c41-5e52-bdc0-e73dd7fc107c,Nanda Purnomo,Sidoarjo,2025-11-22T04:05:28Z
d7d6515e-c8fe-5b6c-b7ed-2369dee8a109,Joko Wibowo,Sidoarjo,2026-02-09T09:43:46Z
95158fe7-2d9c-5d33-bb80-597ad6f20eff,Kevin Maharani,Palembang,2025-11-17T03:16:34Z
4afba102-2377-5929-b170-70f6cfa4bfea,Farhan Permana,Semarang,2025-05-22T22:08:58Z
3166d28b-1835-5ff7-b779-284ed64d43cb,Yoga Handayani,Jakarta,2025-02-25T17:56:25Z
3f72fc19-b9dc-5bb0-ad67-00f830f1402d,Raka Handayani,Bandung,2025-06-27T22:27:58Z
27dd3660-106b-59e6-9c54-c48da27e9016,Hana Maharani,Balikpapan,2025-03-27T05:11:10Z
896ebace-7864-5a80-a32d-10a7f036dbcc,Laras Firmansyah,Sidoarjo,2026-02-22T02:13:44Z
1cb99939-551d-541a-beb7-94dd38e8e976,Irfan Saputra,Surabaya,2025-07-02T07:14:14Z
45fe3c4c-a4b2-522f-99e9-6dab132798c3,Okta Susanto,Denpasar,2025-06-12T21:51:00Z
d5cb07d3-ef0b-5479-a684-223288de896d,Citra Pratama,Yogyakarta,2025-04-07T00:37:22Z
2ef7761d-6de4-5de7-b1c2-3d05a921b80b,Yoga Permana,Malang,2025-09-11T06:42:52Z
d0f53cba-fee4-5de9-b2e9-86e357a6ef88,Hana Firmansyah,Makassar,2025-07-08T19:51:52Z
1300d8c2-f127-540c-9bf8-d3c4f74f741d,Salsa Handayani,Medan,2024-12-09T16:28:26Z
b5db4183-0a3f-5b2a-be82-4d84565595b8,Bayu Saputra,Semarang,2026-01-13T08:55:59Z
bb3ffa0f-14da-55eb-a57f-c2df04802686,Wahyu Handayani,Semarang,2025-04-12T20:48:22Z
632614bc-8273-554c-b000-ee62113bcda6,Wahyu Lestari,Makassar,2025-05-22T14:12:59Z
2d5f7b0c-20e4-5e20-a6f3-9d40a681ccd9,Eko Rahmawati,Solo,2025-01-20T01:26:42Z
794a1ad7-3dcb-5e01-ab47-663d34cadb1c,Adi Hidayat,Surabaya,2025-07-26T20:02:26Z
474eb440-5a37-5ffd-8f99-dfca5ca49d78,Budi Handayani,Jakarta,2025-10-15T02:38:00Z
0cb0537b-f5e1-5f33-9483-09c1975d23fc,Maya Kusuma,Malang,2026-01-19T19:54:09Z
18188d25-bf5b-53cd-9e1e-ae24e999923a,Irfan Rahmawati,Semarang,2024-10-28T20:50:07Z
ea2dd656-db8e-51fd-80d2-89b29fa3e2e6,Joko Anggraini,Palembang,2026-03-10T14:22:53Z
4a86e14c-2bce-553a-881e-a2576058b102,Putri Maharani,Balikpapan,2025-10-16T01:28:40Z
ef0356dd-87e1-5984-b1be-132117550930,Sari Rahmawati,Solo,2025-03-03T12:30:39Z
e8dfeec7-59ec-5b0a-937d-9d32d5ce89e3,Joko Utomo,Surabaya,2025-01-19T09:59:34Z
c07dad9e-28c6-5d39-9bdc-f772ec3b500f,Putri Pratama,Jakarta,2025-03-09T21:17:57Z
f0f5f5df-392d-5d84-b371-fe82af30c664,Mega Utomo,Semarang,2026-01-16T21:24:20Z
9ac8c76a-dfc6-520e-a4a3-166478ef223e,Bayu Lestari,Makassar,2025-03-07T08:24:59Z
c8216a19-2bc6-52cf-9503-71618f90f5b4,Hana Gunawan,Solo,2025-06-07T22:09:42Z
0f0b75b9-0a40-5393-8a6d-01dbe02c9029,Dewi Anggraini,Jakarta,2025-10-17T02:21:54Z
c8e879de-ae8a-5281-9175-608f3e2f7300,Sari Handayani,Balikpapan,2026-01-14T20:59:19Z
75305bd7-d03a-5c27-9008-2b56dbe975bd,Salsa Handayani,Semarang,2025-09-21T15:04:56Z
